Name, Rate, Phone Numbers that Start With, 
Afghanistan,0.29000,93
Afghanistan,0.41500,"9370, 9372, 9375, 9376, 9377, 9378, 9379"
Albania,0.18500,"35543, 355422, 355423, 355424"
Albania,0.25500,"3553, 3555, 3558, 35521, 35522, 35524, 35526, 35527, 35528, 35529, 35546, 35547, 35548, 35549, 35572"
Albania,0.47500,"35566, 35567, 35568, 35569"
Albania,1.70500,3554249
Algeria,0.08800,213
Algeria,0.09000,"21320, 21321, 21322"
Algeria,0.29000,2136
Algeria,0.41740,"2137, 21396"
Algeria,0.59000,2135
"American Samoa",0.07200,1684
Andorra,0.03200,376
Andorra,0.22500,"3763, 3764, 3766"
Angola,0.09500,"24491, 24492, 24493, 24494, 24499"
Angola,0.10500,244
Anguilla,0.14500,1264
Anguilla,0.27500,"1264581, 1264582, 1264583, 1264584"
Anguilla,0.31500,"1264235, 1264469, 1264476, 1264536, 1264537, 1264538, 1264539, 1264543, 1264729, 1264772"
"Antigua and Barbuda",0.20000,1268
"Antigua and Barbuda",0.32600,"126872, 126877, 126878, 1268464, 1268716, 1268717, 1268718, 1268719, 1268732, 1268734, 1268736, 1268764"
Argentina,0.01500,5411
Argentina,0.01600,"54221, 54223, 54261, 54291, 54341, 54342, 54351"
Argentina,0.03900,54
Argentina,0.28000,549
Armenia,0.14500,"374, 3741"
Armenia,0.21500,37447
Armenia,0.25000,37460
Armenia,0.25500,"37455, 37477, 37491, 37493, 37494, 37495, 37496, 37497, 37498, 37499"
Aruba,0.12000,297
Aruba,0.28500,"29756, 29759, 29763, 29764, 29766, 29769, 29773, 29774, 29796, 29799, 297600, 297622"
"Australia/Cocos/Christmas Island",0.02400,"6128, 6129, 6138, 6139, 6173, 61261, 61262, 61861, 61862, 61863, 61864, 61865, 61870, 61881, 61882, 61883, 61884, 61892, 61893, 61894"
"Australia/Cocos/Christmas Island",0.03500,61
"Australia/Cocos/Christmas Island",0.09500,"614, 6116, 61400, 61401, 61402, 61403, 61404, 61405, 61406, 61407, 61408, 61409, 61410, 61411, 61412, 61413, 61414, 61415, 61416, 61417, 61418, 61419, 61421, 61422, 61423, 61424, 61425, 61426, 61427, 61428, 61429, 61430, 61431, 61432, 61433, 61434, 61435, 61437, 61438, 61439, 61447, 61448, 61449, 61450, 61451, 61452, 61453, 61455, 61456, 61457, 61458, 61459, 61466, 61467, 61474, 61477, 61478, 61481, 61482, 61487, 61490, 61497, 61498, 61499, 614202, 614203, 614204, 614205, 614206, 614207, 614208, 614209, 614444, 614683, 614684, 614685, 614686, 614687, 614688, 614689, 614790, 614791, 614880, 614881, 614882, 614883, 614884, 614885, 614886, 614887, 614889"
"Australia/Cocos/Christmas Island",0.09500,6113
Austria,0.01600,"43, 431"
Austria,0.04500,"4368, 43650, 43660, 43664, 43676, 43678, 43680, 43681, 43688, 43699"
Austria,0.04700,"43711, 43730, 43740, 43810, 43820"
Austria,0.05000,"439, 4350, 4357, 4359, 43438, 43677, 43720, 43780, 436555, 4312288, 4369988, 4369989"
Azerbaijan,0.28000,"994, 99412"
Azerbaijan,0.46500,"99440, 99444, 99450, 99451, 99455, 99460, 99470, 99477"
Bahamas,0.01500,1242
Bahamas,0.22500,"124247, 1242357, 1242359, 1242375, 1242376, 1242395, 1242421, 1242422, 1242423, 1242424, 1242425, 1242426, 1242427, 1242428, 1242429, 1242431, 1242432, 1242433, 1242434, 1242435, 1242436, 1242437, 1242438, 1242439, 1242441, 1242442, 1242443, 1242445, 1242446, 1242447, 1242448, 1242449, 1242451, 1242452, 1242453, 1242454, 1242455, 1242456, 1242457, 1242458, 1242462, 1242463, 1242464, 1242465, 1242466, 1242467, 1242468, 1242481, 1242524, 1242525, 1242533, 1242535, 1242544, 1242551, 1242552, 1242553, 1242554, 1242556, 1242557, 1242558, 1242559, 1242565, 1242577, 1242636, 1242646, 1242727"
Bahrain,0.06430,973
Bahrain,0.10500,"97331, 97333, 97334, 97335, 97336, 97337, 97339, 973320, 973322, 973323, 973383, 973384, 973388, 973663, 973666, 973669, 9736300, 9736333, 9736361, 9736366"
Bahrain,0.16180,97377
Bangladesh,0.04800,880
Bangladesh,0.04800,8801
Barbados,0.20000,1246
Barbados,0.33000,"124623, 124624, 124626, 124645, 124652, 124682, 124683, 124684, 124685, 1246250, 1246251, 1246252, 1246253, 1246254, 1246255, 1246256, 1246257, 1246258, 1246259, 1246446, 1246447, 1246448, 1246449, 1246530, 1246531, 1246532, 1246533, 1246534"
Belarus,0.45500,"37524, 37533, 37544, 375255, 375256, 375257, 375259, 375291, 375292, 375293, 375294, 375295, 375296, 375297, 375298, 375299"
Belarus,0.45500,"375, 375172, 375173, 375175"
Belgium,0.02600,32
Belgium,0.27000,"3246, 3247, 3248, 3249, 32460, 32770, 324665, 324666, 324667, 324681, 324682, 324683"
Belgium,0.68500,"3270, 3278, 3290, 32230, 32261, 32361, 321020, 321044, 321075, 321076, 321089, 321141, 321156, 321171, 321172, 321174, 321175, 321176, 321191, 321220, 321221, 321222, 321275, 321288, 321289, 321325, 321326, 321327, 321328, 321329, 321330, 321375, 321388, 321389, 321466, 321470, 321471, 321472, 321473, 321474, 321475, 321476, 321489, 321533, 321534, 321535, 321536, 321537, 321563, 321564, 321565, 321566, 321567, 321574, 321588, 321589, 321632, 321633, 321634, 321637, 321641, 321643, 321674, 321684, 321685, 321686, 321688, 321689, 321690, 321920, 321975, 321988, 321989, 322310, 322408, 322418, 322429, 322444, 322473, 322608, 322609, 322610, 322611, 322612, 322613, 322889, 323283, 323288, 323289, 323290, 323292, 323293, 323294, 323295, 323296, 323297, 323298, 323299, 323333, 323336, 323337, 323338, 323344, 323345, 323608, 323609, 323610, 323611, 323612, 323689, 324244, 324274, 324276, 324288, 324322, 324389, 325064, 325065, 325066, 325067, 325068, 325069, 325070, 325073, 325074, 325088, 325090, 325143, 325144, 325145, 325152, 325153, 325160, 325162, 325169, 325175, 325180, 325181, 325182, 325188, 325189, 325250, 325251, 325252, 325253, 325254, 325255, 325256, 325257, 325275, 325279, 325288, 325338, 325339, 325340, 325341, 325342, 325343, 325361, 325369, 325388, 325423, 325424, 325425, 325426, 325461, 325480, 325488, 325559, 325560, 325561, 325562, 325575, 325580, 325588, 325628, 325629, 325632, 325644, 325647, 325649, 325674, 325688, 325690, 325735, 325736, 325737, 325761, 325775, 325788, 325789, 325859, 325860, 325861, 325862, 325863, 325875, 325888, 325889, 325940, 325941, 325942, 325943, 325944, 325961, 325988, 325989, 326061, 326075, 326088, 326089, 326160, 326175, 326188, 326189, 326364, 326375, 326388, 326389, 326450, 326463, 326474, 326489, 326550, 326553, 326574, 326585, 326589, 326750, 326766, 326774, 326780, 326869, 326875, 326888, 326889, 326950, 326970, 326975, 326980, 327167, 327169, 327190, 327810, 327836, 327878, 328050, 328069, 328075, 328081, 328150, 328166, 328169, 328180, 328275, 328283, 328288, 328289, 328375, 328384, 328388, 328389, 328475, 328485, 328488, 328489, 328575, 328586, 328588, 328589, 328675, 328687, 328688, 328689, 328750, 328757, 328775, 328780, 328920, 328921, 328922, 328923, 328924, 328925, 328974, 328980, 328988, 329261, 329262, 329278, 329279, 329324, 329328, 329329, 329330, 329331, 329332, 329334, 329335, 329336, 329350, 329351, 3211967, 3211968, 3211969, 3271940, 3271941, 3271943, 3271944, 3271945, 3271948, 3271949, 3278353"
Belize,0.03400,501
Belize,0.03400,5016
Benin,0.08000,"22961, 22964, 22965, 22966, 22967, 22968, 22990, 22992, 22993, 22994, 22995, 22996, 22997, 22998, 22999"
Benin,0.15500,229
Bermuda,0.02400,1441
Bhutan,0.13260,975
Bolivia,0.14500,"59122, 59133, 59144"
Bolivia,0.14760,591
Bolivia,0.25080,"5916, 5917, 59160, 59161, 59165, 59167, 59168, 59169, 59170, 59171, 59172, 59173, 59174, 59175, 59176, 59177, 59178, 59179"
Bolivia,0.27500,"5919, 59128, 59132, 59137, 59142, 59145, 59147, 591253, 591254, 591255, 591264, 591265, 591266, 591267, 591268, 591341, 591364, 591386, 591387, 591388, 591395, 591397, 591398, 591449, 5912213, 5912513, 5912529, 5912582, 5912583, 5912584, 5912585, 5912586, 5912587, 5912588, 5912589, 5912590, 5912591, 5912592, 5912593, 5912594, 5912595, 5912596, 5912597, 5912632, 5912633, 5912634, 5912635, 5912636, 5912637, 5912638, 5912639, 5912690, 5912691, 5912692, 5912693, 5912694, 5912696, 5912697, 5913313, 5913323, 5913471, 5913472, 5913473, 5913474, 5913475, 5913476, 5913477, 5913478, 5913479, 5913480, 5913481, 5913482, 5913483, 5913484, 5913485, 5913825, 5913826, 5913830, 5913831, 5913832, 5913833, 5913834, 5913835, 5913836, 5913837, 5913838, 5913839, 5913851, 5913852, 5913853, 5913854, 5913855, 5913856, 5913857, 5913858, 5913859, 5913890, 5913891, 5913892, 5913893, 5913894, 5913895, 5913896, 5913925, 5913927, 5913929, 5913931, 5913932, 5913933, 5913934, 5913935, 5913936, 5913937, 5913940, 5913942, 5913944, 5913946, 5913947, 5913948, 5913961, 5913963, 5913964, 5913965, 5913966, 5913967, 5913968, 5914413, 5914434, 5914438, 5914457, 5914477, 5914478, 5914480, 5914483, 5914485, 5914486, 5914487, 5914490, 5914491, 5914492, 5914493, 5914494, 5914496, 5914497, 5914498, 5914499, 5914628, 5914629, 5914630, 5914632, 5914633, 5914634, 5914635, 5914636, 5914637, 5914638, 5914639, 5914647, 5914649, 5914652, 5914653, 5914654, 5914655, 5914656, 5914657, 5914658, 5914659, 5914672, 5914677, 5914678, 5914679, 5914680, 5914681, 5914682, 5914683, 5914684, 5914685, 5914686, 5914687, 5914697, 5914698, 5914699"
"Bosnia and Herzegovina",0.16500,"387, 3875, 387332, 387334, 387335, 387336, 387352, 387492, 387493, 387494, 3873020, 3873024, 3873025, 3873026, 3873027, 3873028, 3873029, 3873049, 3873050, 3873051, 3873052, 3873053, 3873054, 3873056, 3873059, 3873061, 3873063, 3873064, 3873065, 3873070, 3873071, 3873073, 3873079, 3873080, 3873083, 3873087, 3873171, 3873172, 3873173, 3873174, 3873175, 3873176, 3873177, 3873179, 3873220, 3873222, 3873224, 3873240, 3873241, 3873242, 3873243, 3873244, 3873245, 3873246, 3873255, 3873259, 3873260, 3873261, 3873265, 3873266, 3873267, 3873268, 3873269, 3873272, 3873273, 3873274, 3873277, 3873278, 3873280, 3873282, 3873284, 3873285, 3873286, 3873287, 3873288, 3873289, 3873370, 3873371, 3873372, 3873373, 3873375, 3873376, 3873377, 3873378, 3873380, 3873381, 3873389, 3873420, 3873421, 3873422, 3873424, 3873426, 3873427, 3873431, 3873435, 3873436, 3873450, 3873481, 3873482, 3873485, 3873530, 3873531, 3873532, 3873533, 3873534, 3873536, 3873538, 3873539, 3873554, 3873555, 3873556, 3873557, 3873559, 3873561, 3873562, 3873563, 3873564, 3873565, 3873566, 3873569, 3873570, 3873571, 3873572, 3873574, 3873575, 3873576, 3873577, 3873578, 3873579, 3873580, 3873581, 3873582, 3873585, 3873586, 3873587, 3873588, 3873589, 3873628, 3873629, 3873631, 3873632, 3873633, 3873634, 3873635, 3873636, 3873637, 3873638, 3873639, 3873644, 3873648, 3873650, 3873651, 3873655, 3873656, 3873657, 3873658, 3873659, 3873664, 3873665, 3873671, 3873672, 3873673, 3873674, 3873675, 3873677, 3873678, 3873680, 3873681, 3873682, 3873685, 3873686, 3873687, 3873688, 3873689, 3873722, 3873729, 3873730, 3873731, 3873732, 3873733, 3873735, 3873736, 3873737, 3873738, 3873739, 3873741, 3873742, 3873747, 3873748, 3873749, 3873751, 3873752, 3873753, 3873754, 3873755, 3873766, 3873767, 3873768, 3873769, 3873771, 3873772, 3873777, 3873788, 3873822, 3873823, 3873824, 3873829, 3873851, 3873879, 3873882, 3873920, 3873938, 3873948, 3873966, 3873967, 3873968, 3873969, 3873970, 3873971, 3873983, 3873984, 3873985, 3874950, 3874951, 3874952, 3874958, 3874959, 3874974, 3874975, 3874976, 3877020, 3877021, 3877022, 3877023, 3877024, 3877025, 3877026, 38700000"
"Bosnia and Herzegovina",0.48000,"38761, 38762, 38763, 38765, 38766, 38767, 387644, 3876031, 3876032, 3876033, 3876034, 3876038, 3876039"
Botswana,0.08000,267
Botswana,0.30000,"2677, 26770, 26771, 26772, 267740, 267741, 267742, 267743, 267744, 267745, 267746, 267747, 267748, 267750, 267751, 267752, 267753, 267754, 267755, 267756, 267757, 267759, 267760, 267761, 267762, 267763, 267764, 267765, 267766, 267767, 267769, 267770, 267771, 267774, 267775, 2677920"
Brazil,0.01500,"5511, 5519, 5521, 5527, 5531, 5533, 5541, 5551, 5561, 5562, 5571, 5581, 5585"
Brazil,0.02500,55
Brazil,0.24000,"55116, 55117, 55118, 55119, 55126, 55127, 55128, 55129, 55136, 55137, 55138, 55139, 55146, 55147, 55148, 55149, 55156, 55157, 55158, 55159, 55166, 55167, 55168, 55169, 55176, 55177, 55178, 55179, 55186, 55187, 55188, 55189, 55196, 55197, 55198, 55199, 55216, 55217, 55218, 55219, 55226, 55227, 55228, 55229, 55246, 55247, 55248, 55249, 55276, 55277, 55278, 55279, 55286, 55287, 55288, 55289, 55316, 55317, 55318, 55319, 55326, 55327, 55328, 55329, 55336, 55337, 55338, 55339, 55346, 55347, 55348, 55349, 55356, 55357, 55358, 55359, 55376, 55377, 55378, 55379, 55386, 55387, 55388, 55389, 55416, 55417, 55418, 55419, 55426, 55427, 55428, 55429, 55436, 55437, 55438, 55439, 55446, 55447, 55448, 55449, 55456, 55457, 55458, 55459, 55466, 55467, 55468, 55469, 55476, 55477, 55478, 55479, 55486, 55487, 55488, 55489, 55496, 55497, 55498, 55499, 55516, 55517, 55518, 55519, 55526, 55527, 55528, 55529, 55536, 55537, 55538, 55539, 55546, 55547, 55548, 55549, 55556, 55557, 55558, 55559, 55616, 55617, 55618, 55619, 55626, 55627, 55628, 55629, 55636, 55637, 55638, 55639, 55646, 55647, 55648, 55649, 55656, 55657, 55658, 55659, 55666, 55667, 55668, 55669, 55676, 55677, 55678, 55679, 55686, 55687, 55688, 55689, 55696, 55697, 55698, 55699, 55716, 55717, 55718, 55719, 55736, 55737, 55738, 55739, 55746, 55747, 55748, 55749, 55756, 55757, 55758, 55759, 55776, 55777, 55778, 55779, 55786, 55787, 55788, 55789, 55796, 55797, 55798, 55799, 55816, 55817, 55818, 55819, 55826, 55827, 55828, 55829, 55836, 55837, 55838, 55839, 55846, 55847, 55848, 55849, 55856, 55857, 55858, 55859, 55866, 55867, 55868, 55869, 55876, 55877, 55878, 55879, 55886, 55887, 55888, 55889, 55896, 55897, 55898, 55899, 55916, 55917, 55918, 55919, 55926, 55927, 55928, 55929, 55936, 55937, 55938, 55939, 55946, 55947, 55948, 55949, 55956, 55957, 55958, 55959, 55966, 55967, 55968, 55969, 55976, 55977, 55978, 55979, 55986, 55987, 55988, 55989, 55996, 55997, 55998, 55999, 551153, 551154, 551157"
Brunei,0.05600,673
Bulgaria,0.02600,"359, 3592"
Bulgaria,0.02710,"3597, 35924, 359325, 359349, 359385, 359429, 359445, 359469, 359524, 359529, 359549, 359569, 359585, 359625, 359649, 359669, 359685, 359825, 359845, 359865, 359929, 359949, 359965, 3593015, 3593069, 3593089, 3593099, 3593115, 3593118, 3593134, 3593239, 3593319, 3593355, 3593369, 3593379, 3593399, 3593509, 3593579, 3593597, 3593615, 3593799, 3593917, 3593919, 3594168, 3594173, 3594179, 3594315, 3594319, 3594539, 3594575, 3594579, 3594789, 3595179, 3595185, 3595195, 3595379, 3595389, 3595391, 3595507, 3595509, 3595545, 3595547, 3595549, 3595569, 3595588, 3595598, 3595709, 3595795, 3595799, 3595909, 3595965, 3596015, 3596017, 3596019, 3596058, 3596085, 3596109, 3596189, 3596199, 3596319, 3596509, 3596585, 3596592, 3596709, 3596759, 3596769, 3596779, 3596789, 3596979, 3598179, 3598489, 3598649, 3599159, 3599389, 3599527, 3599539, 3599717, 3599718, 3599735, 3599739"
Bulgaria,0.08280,"35987, 35988, 35989, 359988, 359989"
"Burkina Faso",0.29000,226
"Burkina Faso",0.42500,"22660, 22661, 22662, 22663, 22664, 22665, 22666, 22667, 22668, 22670, 22671, 22672, 22673, 22674, 22675, 22676, 22677, 22678, 22679"
Burundi,0.68000,"25771, 25774, 25775, 25776, 25777, 25778, 25779"
Burundi,0.88500,257
Cambodia,0.07450,855
Cambodia,0.07450,"8551, 8552, 8553, 8554, 8555, 8556, 8559, 85570, 85572, 85573, 85574, 85575, 85576, 85577, 85578, 85580, 85581, 85583, 85584, 85585, 85586, 85587, 85589"
Cameroon,0.18000,"237, 23722"
Cameroon,0.45000,"2377, 2379, 23750, 23751, 23755"
"Cape Verde",0.23000,238
"Cape Verde",0.37500,"2389, 23851, 23853, 23858, 23859, 23895, 23897, 23898, 23899, 238310, 238311, 238312, 238313, 238314, 238330, 238331, 238332, 238333, 238334, 238410, 238411, 238412, 238413, 238414"
"Cayman Islands",0.10400,1345
"Cayman Islands",0.24500,"134532, 134599, 1345229, 1345249, 1345514, 1345516, 1345517, 1345525, 1345526, 1345527, 1345529, 1345545, 1345546, 1345547, 1345548, 1345549, 1345550, 1345616, 1345617, 1345625, 1345629, 1345640, 1345645, 1345646, 1345647, 1345649, 1345916, 1345917, 1345919, 1345922, 1345923, 1345924, 1345925, 1345926, 1345927, 1345928, 1345929, 1345930, 1345936, 1345937, 1345938, 1345939"
"Central Africa",0.34500,236
"Central Africa",0.64500,"23670, 23672, 23675, 23677"
Chad,0.33500,235
Chad,0.59840,"2356, 2357, 2359"
Chile,0.03600,"56, 5622"
Chile,0.25500,"569, 5688"
Chile,0.62500,"5644, 56612, 56613, 56614, 56615, 56616, 56617, 56618, 56619, 562196, 562197, 562198, 562572, 562593, 562788, 562868, 5632196, 5632197, 5632198, 5633196, 5633197, 5633198, 5634196, 5634197, 5634198, 5635196, 5635197, 5635198, 5641196, 5641197, 5641198, 5642196, 5642197, 5642198, 5643196, 5643197, 5643198, 5643970, 5643971, 5643972, 5645196, 5645197, 5645198, 5651196, 5651197, 5651198, 5652196, 5652197, 5652198, 5653196, 5653197, 5653198, 5655196, 5655197, 5655198, 5657196, 5657197, 5657198, 5658196, 5658197, 5658198, 5661196, 5661197, 5661198, 5663196, 5663197, 5663198, 5664196, 5664197, 5664198, 5665196, 5665197, 5665198, 5667196, 5667197, 5667198, 5671196, 5671197, 5671198, 5672196, 5672197, 5672198, 5673196, 5673197, 5673198, 5675196, 5675197, 5675198"
Chile,0.77500,"5632210, 5632255"
China,0.02180,8610
China,0.02180,86
China,0.02180,"8613, 86145, 86147, 86150, 86151, 86152, 86153, 86155, 86156, 86157, 86158, 86159, 86177, 86180, 86182, 86183, 86185, 86186, 86187, 86188, 86189, 861700"
Colombia,0.05500,"571, 572, 574, 575, 576, 577, 578"
Colombia,0.07000,57
Colombia,0.18000,"57315, 57316, 57317, 57318, 57319"
Colombia,0.18000,573
Colombia,0.18000,57350
Colombia,0.18000,"57310, 57311, 57312, 57313, 57314, 57320, 57321"
Colombia,0.18000,"57300, 57301, 57304"
Comoros,0.36500,269
Comoros,0.60500,2693
Congo,0.57500,"24201, 24204, 24205, 24206"
Congo,0.58500,242
"Congo, Dem Rep",0.37500,243
"Congo, Dem Rep",0.58500,"24378, 24381, 24382, 24384, 24385, 24387, 24388, 24389, 24390, 24397, 24398, 24399"
"Costa Rica",0.02400,506
"Costa Rica",0.06300,5064
"Costa Rica",0.11500,"5065, 5066, 5067, 5068"
Croatia,0.02700,385
Croatia,0.15000,"38591, 38592, 38595, 38598, 38599, 385901, 385970, 385976, 385977, 385979"
Cyprus,0.01800,357
Cyprus,0.07000,90392
Cyprus,0.07500,"35795, 35796, 35797, 35799, 357942"
Cyprus,0.12500,"357700, 3577777"
"Czech Republic",0.03400,"420, 4202"
"Czech Republic",0.04500,"42072, 42073, 42077, 42079, 42093, 420601, 420602, 420603, 420604, 420605, 420606, 420607, 420608, 420702, 420703, 420705, 420840, 420841, 420842, 420847, 420848, 420849, 420961, 420962, 420963, 420964, 420965, 420966, 420967, 4207920, 4207921, 4207922, 4207923, 4207924, 4207925"
Denmark,0.01900,45
Denmark,0.05080,"452, 4581, 4591, 4592, 4593, 45201, 45202, 45203, 45204, 45205, 45206, 45207, 45208, 45209, 45211, 45212, 45213, 45214, 45215, 45216, 45217, 45218, 45219, 45221, 45222, 45223, 45224, 45225, 45226, 45227, 45228, 45229, 45231, 45232, 45233, 45234, 45235, 45236, 45237, 45238, 45241, 45242, 45243, 45244, 45245, 45246, 45247, 45248, 45249, 45251, 45252, 45253, 45254, 45255, 45256, 45257, 45258, 45259, 45261, 45262, 45263, 45264, 45265, 45266, 45267, 45268, 45269, 45271, 45272, 45273, 45274, 45275, 45276, 45277, 45278, 45279, 45281, 45282, 45283, 45284, 45285, 45286, 45287, 45288, 45289, 45291, 45292, 45293, 45294, 45295, 45296, 45297, 45298, 45299, 45300, 45301, 45302, 45303, 45304, 45305, 45306, 45307, 45308, 45309, 45310, 45311, 45312, 45314, 45315, 45316, 45317, 45318, 45319, 45400, 45401, 45402, 45403, 45404, 45405, 45406, 45407, 45408, 45409, 45410, 45411, 45412, 45413, 45414, 45415, 45416, 45417, 45418, 45419, 45420, 45421, 45422, 45423, 45424, 45425, 45426, 45501, 45502, 45503, 45504, 45505, 45507, 45508, 45509, 45510, 45511, 45512, 45513, 45514, 45515, 45516, 45517, 45519, 45520, 45521, 45522, 45523, 45524, 45525, 45526, 45527, 45528, 45529, 45530, 45532, 45534, 45535, 45536, 45537, 45538, 45539, 45600, 45601, 45602, 45603, 45604, 45605, 45606, 45607, 45608, 45610, 45611, 45612, 45613, 45615, 45616, 45617, 45618, 45619, 45710, 45711, 45712, 45713, 45714, 45715, 45716, 45718, 45811, 45812, 45815, 45912, 45914, 45916, 45917, 45918, 45919, 45939, 452390, 452391, 452392, 452393, 452394, 452395, 452396, 452397, 452398, 452399, 452595, 453130, 453132, 453133, 453134, 453135, 453136, 453137, 453138, 453139, 453235, 454260, 454270, 454271, 454272, 454273, 454274, 454275, 454276, 454277, 454278, 454279, 454280, 454281, 454282, 454283, 454284, 454285, 454286, 454287, 454288, 454289, 454290, 454291, 454292, 454293, 454294, 454295, 454296, 454297, 454298, 454299, 455060, 455061, 455062, 455063, 455064, 455065, 455066, 455067, 455068, 455069, 455180, 455181, 455182, 455183, 455184, 455185, 455186, 455187, 455188, 455189, 455210, 455211, 455212, 455220, 455222, 455225, 455230, 455233, 455240, 455242, 455244, 455250, 455258, 455310, 455311, 455312, 455313, 455314, 455315, 455316, 455317, 455318, 455319, 455330, 455331, 455332, 455333, 455334, 455335, 455336, 455337, 455338, 455339, 456050, 456090, 456091, 456092, 456093, 456094, 456095, 456096, 456097, 456098, 456099, 456140, 456141, 456142, 456143, 456144, 456145, 456146, 456147, 456148, 456149, 457170, 457171, 457172, 457173, 457174, 457175, 457176, 457177, 457178, 457179, 457190, 457191, 457192, 457193, 457194, 457195, 457196, 457197, 457198, 457199, 458130, 458131, 458132, 458133, 458134, 458135, 458136, 458140, 458141, 458142, 458143, 458144, 458145, 458160, 458161, 458162, 458163, 458164, 458165, 458166, 458171, 458172, 458173, 458174, 458175, 458177, 458180, 458181, 458182, 458188, 458190, 458191, 458192, 458193, 458194, 459110, 459111, 459112, 459113, 459114, 459115, 459116, 459117, 459118, 459119, 459121, 459130, 459131, 459132, 459133, 459134, 459135, 459136, 459137, 459138, 459139, 459150, 459151, 459152, 459153, 459154, 459155, 459156, 459157, 459158, 459159, 459189, 459191, 459194, 459195, 459196, 459197, 459198, 459199, 459210, 459211, 459212, 459213, 459214, 459215, 459216, 459217, 459218, 459222, 4525988, 4525989, 4531310, 4531311, 4531312, 4531313, 4531314, 4531315, 4531316, 4531317, 4531318, 4531319"
Denmark,0.10000,"4552, 4580, 4590, 45531, 45922"
Denmark,0.10000,"455370, 455371, 455372, 455373, 455374, 455375"
Denmark,0.10000,"4521, 4522, 4524, 4526, 4528, 4529, 4530, 4531, 4540, 4541, 4542, 4550, 4551, 4560, 4561, 4570, 45721"
Djibouti,0.55500,253
Dominica,0.20500,1767
Dominica,0.32000,"1767225, 1767235, 1767245, 1767265, 1767275, 1767276, 1767277, 1767285, 1767295, 1767315, 1767316, 1767317, 1767420, 1767421, 1767611, 1767612, 1767613, 1767614, 1767615, 1767616, 1767617"
"Dominican Republic",0.03700,"1809, 1829, 1849"
"Dominican Republic",0.08400,"1809202, 1809213, 1809220, 1809221, 1809227, 1809231, 1809233, 1809234, 1809236, 1809237, 1809238, 1809239, 1809241, 1809245, 1809247, 1809255, 1809262, 1809263, 1809273, 1809274, 1809275, 1809276, 1809285, 1809286, 1809287, 1809289, 1809295, 1809312, 1809314, 1809328, 1809329, 1809331, 1809332, 1809333, 1809334, 1809335, 1809336, 1809337, 1809338, 1809362, 1809363, 1809364, 1809369, 1809372, 1809373, 1809375, 1809378, 1809379, 1809381, 1809384, 1809385, 1809412, 1809422, 1809435, 1809472, 1809473, 1809476, 1809482, 1809483, 1809489, 1809503, 1809508, 1809518, 1809530, 1809531, 1809532, 1809533, 1809534, 1809535, 1809536, 1809540, 1809541, 1809544, 1809547, 1809548, 1809549, 1809570, 1809575, 1809576, 1809582, 1809583, 1809612, 1809616, 1809620, 1809621, 1809622, 1809623, 1809625, 1809626, 1809655, 1809679, 1809681, 1809682, 1809683, 1809684, 1809685, 1809686, 1809687, 1809688, 1809689, 1809692, 1809699, 1809701, 1809724, 1809726, 1809728, 1809730, 1809731, 1809732, 1809734, 1809735, 1809736, 1809738, 1809740, 1809741, 1809745, 1809748, 1809766, 1809784, 1809788, 1809792, 1809793, 1809794, 1809795, 1809797, 1809825, 1809826, 1809870, 1809872, 1809887, 1809893, 1829473, 1829503, 1829535, 1829538, 1829545, 1829565, 1829567, 1829575, 1829581, 1829582, 1829583, 1829590, 1829593, 1829594, 1829595, 1829596, 1829597, 1829681, 1829687, 1829688, 1829724, 1829948, 1829949, 1829971, 18092226, 18092227, 18092228, 18092260, 18092261, 18092262, 18092263, 18092267, 18092268, 18092403, 18092408, 18092427, 18092433, 18092435, 18092438, 18092650, 18092774, 18094700, 18094709, 18094710, 18094711, 18094712, 18094713, 18094714, 18094716, 18094717, 18094718, 18094719, 18095233, 18095234, 18095235, 18095236, 18095237, 18095265, 18095384, 18095385, 18095386, 18095387, 18095388, 18095389, 18095390, 18095394, 18095395, 18095396, 18095397, 18095398, 18095452, 18095453, 18095455, 18095458, 18095596, 18095597, 18095598, 18095715, 18095716, 18095745, 18095788, 18095800, 18095801, 18095803, 18095805, 18095806, 18095807, 18095808, 18095810, 18095811, 18095813, 18095814, 18095815, 18095816, 18095817, 18095818, 18095819, 18095851, 18095855, 18095871, 18095873, 18095874, 18095875, 18095876, 18097550, 18097551, 18097552, 18097553, 18097554, 18097556, 18097700, 18097701, 18097702, 18097703, 18097704, 18097708, 18097709, 180922291, 180922690, 180922691, 180922692, 180922693, 180922695, 180922697, 180922698, 180922699, 180924093, 180924098, 180924300, 180927790, 180947639, 180952390, 180952392, 180952393, 180952394, 180952395, 180952396, 180952397, 180952398, 180952399, 180952690, 180952691, 180952692, 180952693, 180952694, 180952696, 180952697, 180952698, 180952699, 180953990, 180953991, 180953994, 180953995, 180953996, 180953997, 180953998, 180953999, 180954570, 180955990, 180955991, 180955994, 180955996, 180955997, 180955998, 180955999, 180958090, 180958091, 180958093, 180958094, 180958095, 180958096, 180958097, 180958098, 180958099, 180958700, 180958701, 180958702, 180958703, 180958704, 180958706, 180958707, 180958708, 180958709, 180958790, 180958793, 180958794, 180958795, 180958796, 180958799, 180958919, 180963350, 180963351"
"Dominican Republic",0.11000,"180939, 180944, 180949, 180964, 180986, 182932, 182934, 182935, 182936, 182938, 182946, 182952, 182976, 182992, 182996, 184925, 184945, 184963, 184985, 1809201, 1809203, 1809204, 1809205, 1809206, 1809207, 1809208, 1809209, 1809210, 1809212, 1809214, 1809215, 1809216, 1809217, 1809218, 1809219, 1809223, 1809224, 1809225, 1809228, 1809229, 1809230, 1809232, 1809235, 1809249, 1809250, 1809251, 1809252, 1809253, 1809254, 1809256, 1809257, 1809258, 1809259, 1809260, 1809264, 1809266, 1809267, 1809268, 1809269, 1809270, 1809271, 1809272, 1809280, 1809281, 1809282, 1809283, 1809284, 1809292, 1809293, 1809297, 1809298, 1809299, 1809301, 1809302, 1809303, 1809304, 1809305, 1809306, 1809307, 1809308, 1809309, 1809310, 1809313, 1809315, 1809316, 1809317, 1809318, 1809319, 1809321, 1809322, 1809323, 1809324, 1809325, 1809326, 1809327, 1809330, 1809340, 1809341, 1809342, 1809343, 1809344, 1809345, 1809348, 1809350, 1809351, 1809352, 1809353, 1809354, 1809355, 1809356, 1809357, 1809358, 1809359, 1809360, 1809361, 1809366, 1809370, 1809371, 1809374, 1809376, 1809377, 1809383, 1809386, 1809387, 1809389, 1809401, 1809402, 1809403, 1809404, 1809405, 1809406, 1809407, 1809408, 1809409, 1809410, 1809413, 1809415, 1809416, 1809417, 1809418, 1809419, 1809420, 1809421, 1809423, 1809424, 1809425, 1809426, 1809427, 1809428, 1809429, 1809430, 1809431, 1809432, 1809433, 1809434, 1809436, 1809437, 1809438, 1809439, 1809451, 1809452, 1809453, 1809454, 1809456, 1809457, 1809458, 1809459, 1809460, 1809461, 1809462, 1809463, 1809464, 1809465, 1809474, 1809477, 1809478, 1809479, 1809480, 1809481, 1809484, 1809485, 1809486, 1809488, 1809501, 1809502, 1809504, 1809505, 1809506, 1809507, 1809509, 1809510, 1809512, 1809513, 1809514, 1809516, 1809517, 1809519, 1809520, 1809546, 1809601, 1809602, 1809603, 1809604, 1809605, 1809606, 1809607, 1809608, 1809609, 1809610, 1809613, 1809614, 1809615, 1809617, 1809618, 1809619, 1809624, 1809627, 1809628, 1809629, 1809630, 1809631, 1809632, 1809634, 1809635, 1809637, 1809639, 1809650, 1809651, 1809652, 1809653, 1809654, 1809656, 1809657, 1809658, 1809659, 1809660, 1809661, 1809662, 1809663, 1809664, 1809665, 1809666, 1809667, 1809668, 1809669, 1809670, 1809671, 1809672, 1809673, 1809674, 1809675, 1809676, 1809677, 1809678, 1809693, 1809694, 1809696, 1809697, 1809698, 1809702, 1809703, 1809704, 1809705, 1809706, 1809707, 1809708, 1809709, 1809710, 1809712, 1809713, 1809714, 1809715, 1809716, 1809717, 1809718, 1809719, 1809720, 1809721, 1809722, 1809723, 1809727, 1809729, 1809742, 1809743, 1809747, 1809749, 1809750, 1809751, 1809752, 1809753, 1809754, 1809756, 1809757, 1809758, 1809759, 1809760, 1809761, 1809762, 1809763, 1809764, 1809765, 1809767, 1809768, 1809769, 1809771, 1809772, 1809773, 1809774, 1809775, 1809776, 1809777, 1809778, 1809779, 1809780, 1809781, 1809782, 1809783, 1809785, 1809786, 1809787, 1809789, 1809790, 1809791, 1809796, 1809798, 1809801, 1809802, 1809803, 1809804, 1809805, 1809812, 1809814, 1809815, 1809816, 1809817, 1809818, 1809819, 1809820, 1809821, 1809827, 1809828, 1809829, 1809834, 1809835, 1809836, 1809837, 1809838, 1809839, 1809840, 1809841, 1809842, 1809843, 1809844, 1809845, 1809846, 1809847, 1809848, 1809849, 1809850, 1809851, 1809852, 1809853, 1809854, 1809855, 1809856, 1809857, 1809858, 1809871, 1809873, 1809874, 1809875, 1809876, 1809877, 1809878, 1809879, 1809880, 1809881, 1809882, 1809883, 1809884, 1809885, 1809886, 1809888, 1809889, 1809890, 1809891, 1809897, 1809899, 1809901, 1809902, 1809903, 1809904, 1809905, 1809906, 1809907, 1809909, 1809910, 1809912, 1809913, 1809914, 1809915, 1809916, 1809917, 1809918, 1809919, 1809923, 1809924, 1809928, 1809929, 1809931, 1809932, 1809935, 1809938, 1809939, 1809940, 1809941, 1809942, 1809943, 1809944, 1809945, 1809946, 1809949, 1809952, 1809953, 1809956, 1809958, 1809961, 1809962, 1809963, 1809964, 1809965, 1809966, 1809967, 1809968, 1809969, 1809972, 1809973, 1809974, 1809975, 1809977, 1809978, 1809979, 1809980, 1809981, 1809982, 1809983, 1809984, 1809986, 1809988, 1809989, 1809990, 1809991, 1809992, 1809993, 1809994, 1809995, 1809996, 1809997, 1809998, 1809999, 1829201, 1829202, 1829203, 1829204, 1829205, 1829206, 1829207, 1829208, 1829209, 1829210, 1829212, 1829213, 1829214, 1829215, 1829216, 1829217, 1829218, 1829219, 1829220, 1829221, 1829222, 1829223, 1829228, 1829230, 1829232, 1829233, 1829246, 1829248, 1829250, 1829252, 1829255, 1829257, 1829258, 1829259, 1829260, 1829261, 1829262, 1829263, 1829264, 1829265, 1829266, 1829267, 1829268, 1829269, 1829270, 1829271, 1829272, 1829273, 1829274, 1829275, 1829276, 1829277, 1829278, 1829279, 1829280, 1829281, 1829282, 1829283, 1829284, 1829285, 1829286, 1829287, 1829288, 1829289, 1829290, 1829291, 1829292, 1829293, 1829294, 1829295, 1829296, 1829297, 1829298, 1829299, 1829301, 1829302, 1829303, 1829304, 1829305, 1829306, 1829307, 1829308, 1829309, 1829310, 1829312, 1829313, 1829314, 1829315, 1829316, 1829317, 1829318, 1829319, 1829330, 1829331, 1829332, 1829333, 1829334, 1829335, 1829336, 1829337, 1829338, 1829339, 1829370, 1829371, 1829372, 1829373, 1829374, 1829375, 1829376, 1829377, 1829379, 1829390, 1829391, 1829392, 1829393, 1829394, 1829395, 1829396, 1829397, 1829398, 1829399, 1829401, 1829402, 1829403, 1829404, 1829405, 1829406, 1829407, 1829408, 1829409, 1829410, 1829412, 1829413, 1829414, 1829415, 1829416, 1829417, 1829418, 1829419, 1829420, 1829421, 1829422, 1829423, 1829424, 1829425, 1829426, 1829427, 1829428, 1829429, 1829430, 1829431, 1829432, 1829436, 1829437, 1829438, 1829439, 1829440, 1829441, 1829442, 1829443, 1829444, 1829445, 1829446, 1829447, 1829448, 1829449, 1829450, 1829451, 1829452, 1829453, 1829454, 1829455, 1829456, 1829457, 1829458, 1829459, 1829470, 1829471, 1829472, 1829474, 1829475, 1829477, 1829478, 1829479, 1829491, 1829492, 1829493, 1829494, 1829496, 1829497, 1829498, 1829499, 1829502, 1829504, 1829505, 1829506, 1829508, 1829509, 1829510, 1829512, 1829513, 1829514, 1829515, 1829517, 1829518, 1829519, 1829531, 1829532, 1829533, 1829534, 1829536, 1829537, 1829539, 1829540, 1829542, 1829543, 1829546, 1829548, 1829549, 1829550, 1829551, 1829552, 1829553, 1829554, 1829556, 1829557, 1829558, 1829559, 1829560, 1829561, 1829562, 1829563, 1829564, 1829566, 1829568, 1829569, 1829570, 1829571, 1829572, 1829573, 1829574, 1829576, 1829577, 1829578, 1829579, 1829580, 1829584, 1829585, 1829586, 1829587, 1829589, 1829591, 1829592, 1829598, 1829599, 1829601, 1829602, 1829603, 1829604, 1829605, 1829606, 1829610, 1829613, 1829616, 1829618, 1829619, 1829629, 1829630, 1829631, 1829632, 1829633, 1829634, 1829635, 1829636, 1829637, 1829638, 1829639, 1829640, 1829641, 1829642, 1829643, 1829644, 1829645, 1829646, 1829647, 1829648, 1829649, 1829650, 1829651, 1829652, 1829653, 1829654, 1829655, 1829656, 1829657, 1829658, 1829659, 1829660, 1829661, 1829662, 1829663, 1829664, 1829665, 1829666, 1829667, 1829668, 1829669, 1829670, 1829671, 1829672, 1829673, 1829674, 1829675, 1829676, 1829677, 1829678, 1829679, 1829680, 1829682, 1829683, 1829684, 1829685, 1829686, 1829689, 1829690, 1829691, 1829692, 1829693, 1829694, 1829695, 1829696, 1829697, 1829698, 1829699, 1829701, 1829702, 1829703, 1829704, 1829705, 1829706, 1829707, 1829708, 1829709, 1829710, 1829712, 1829713, 1829714, 1829715, 1829716, 1829717, 1829718, 1829719, 1829720, 1829721, 1829722, 1829723, 1829725, 1829726, 1829727, 1829728, 1829729, 1829730, 1829731, 1829740, 1829741, 1829742, 1829743, 1829744, 1829745, 1829747, 1829748, 1829749, 1829750, 1829751, 1829752, 1829753, 1829754, 1829755, 1829756, 1829757, 1829758, 1829759, 1829770, 1829771, 1829772, 1829773, 1829774, 1829775, 1829776, 1829777, 1829778, 1829779, 1829780, 1829781, 1829782, 1829783, 1829784, 1829785, 1829786, 1829787, 1829788, 1829789, 1829790, 1829791, 1829792, 1829793, 1829794, 1829795, 1829796, 1829797, 1829798, 1829799, 1829801, 1829802, 1829803, 1829804, 1829805, 1829806, 1829807, 1829808, 1829810, 1829812, 1829814, 1829815, 1829816, 1829817, 1829818, 1829819, 1829820, 1829821, 1829826, 1829827, 1829828, 1829830, 1829835, 1829836, 1829837, 1829838, 1829839, 1829840, 1829841, 1829842, 1829843, 1829844, 1829845, 1829846, 1829847, 1829848, 1829849, 1829850, 1829851, 1829852, 1829853, 1829854, 1829855, 1829856, 1829857, 1829858, 1829859, 1829860, 1829861, 1829862, 1829863, 1829864, 1829865, 1829866, 1829867, 1829868, 1829869, 1829870, 1829871, 1829872, 1829873, 1829874, 1829875, 1829876, 1829877, 1829878, 1829879, 1829880, 1829881, 1829882, 1829883, 1829884, 1829885, 1829886, 1829887, 1829889, 1829890, 1829891, 1829892, 1829894, 1829898, 1829899, 1829901, 1829902, 1829903, 1829904, 1829905, 1829906, 1829907, 1829908, 1829909, 1829910, 1829912, 1829913, 1829914, 1829915, 1829916, 1829917, 1829918, 1829919, 1829930, 1829931, 1829932, 1829933, 1829934, 1829935, 1829936, 1829937, 1829938, 1829939, 1829940, 1829941, 1829942, 1829943, 1829944, 1829945, 1829957, 1829958, 1829959, 1829970, 1829972, 1829973, 1829974, 1829975, 1829977, 1829978, 1829979, 1829980, 1829981, 1829982, 1829983, 1829984, 1829985, 1829986, 1829987, 1829988, 1829989, 1829990, 1829991, 1829993, 1829994, 1849201, 1849203, 1849205, 1849206, 1849207, 1849208, 1849209, 1849210, 1849212, 1849213, 1849214, 1849215, 1849216, 1849217, 1849218, 1849219, 1849220, 1849221, 1849222, 1849223, 1849224, 1849225, 1849226, 1849227, 1849228, 1849229, 1849230, 1849231, 1849232, 1849233, 1849234, 1849235, 1849239, 1849240, 1849241, 1849242, 1849243, 1849244, 1849245, 1849246, 1849247, 1849248, 1849249, 1849260, 1849261, 1849262, 1849263, 1849264, 1849265, 1849266, 1849267, 1849305, 1849318, 1849330, 1849340, 1849341, 1849342, 1849343, 1849344, 1849350, 1849351, 1849352, 1849353, 1849354, 1849356, 1849357, 1849358, 1849359, 1849360, 1849367, 1849401, 1849402, 1849403, 1849404, 1849405, 1849406, 1849407, 1849408, 1849409, 1849410, 1849416, 1849437, 1849484, 1849542, 1849569, 1849573, 1849587, 1849590, 1849607, 1849620, 1849621, 1849623, 1849624, 1849626, 1849627, 1849628, 1849629, 1849642, 1849650, 1849651, 1849652, 1849653, 1849654, 1849655, 1849656, 1849657, 1849658, 1849701, 1849707, 1849710, 1849711, 1849720, 1849727, 1849739, 1849750, 1849751, 1849752, 1849753, 1849754, 1849763, 1849785, 1849797, 1849802, 1849803, 1849804, 1849806, 1849814, 1849815, 1849816, 1849817, 1849828, 1849845, 1849846, 1849847, 1849848, 1849860, 1849861, 1849862, 1849863, 1849864, 1849865, 1849867, 1849868, 1849869, 1849873, 1849874, 1849875, 1849876, 1849878, 1849879, 1849880, 1849881, 1849882, 1849883, 1849884, 1849885, 1849886, 1849889, 1849912, 1849915, 1849916, 1849917, 1849918, 1849919, 1849925, 1849993"
"Dominican Republic",0.15000,"1829466, 1829467, 1829468, 1829469, 18092223, 18092224, 18092225, 18092480, 18092482, 18092484, 18092485, 18092486, 18092487, 18092488, 18092651, 18092652, 18092653, 18092654, 18092655, 18092656, 18092657, 18092658, 18092659, 18094701, 18094702, 18094703, 18094704, 18094705, 18094706, 18094707, 18094708, 18095157, 18095158, 18095159, 18095450, 18095451, 18095454, 18095456, 18095459, 18098597, 18098598, 180951569, 180954290, 180954291, 180954292, 180954293, 180954295, 180954296, 180954297, 180954298, 180985990, 180985991, 180985992, 180985993, 180985994, 180985995, 180985996, 180985997"
"Dominican Republic",0.15000,"1809711, 1829465"
"Dominican Republic",0.28100,"18099, 18293, 180935, 180965, 180966, 180971, 180984, 180985, 182928, 182929, 182933, 182941, 182942, 182943, 182944, 182945, 182947, 182949, 182951, 182966, 182970, 1809190, 1809300, 1809411, 1809809, 1829229, 1829254, 1829321, 1829924, 1829925, 1829926, 1829929, 1829956"
"Dominican Republic",0.28100,"1809222, 1809248, 1809265, 1809368, 1809382, 1809388, 1809414, 1809455, 1809467, 1809470, 1809475, 1809487, 1809515, 1809537, 1809542, 1809543, 1809545, 1809633, 1809636, 1809638, 1809695, 1809744, 1809799, 1809806, 1809807, 1809808, 1809810, 1809830, 1809831, 1809832, 1809894, 1809920, 1809921, 1809922, 1809925, 1809926, 1809930, 1809937, 1809947, 1809948, 1809950, 1809955, 1809960, 1809971, 1809985, 1829320, 1829322, 1829323, 1829328, 1829329, 1829380, 1829383, 1829386, 1829387, 1829388, 1829389, 1829760, 1829766, 1829920, 1829921, 1829922, 1829923, 1829960, 1829961, 1829962, 1829963, 1829964, 1829965, 1829966, 1829967, 1829968, 1829969, 18092314, 18095150, 18099705, 180997060, 180997061, 180997062, 180997063, 180997064, 180997065, 180997066, 180997067, 180997069"
Ecuador,0.14000,"593720, 593728, 593740, 593741, 5937233, 5937234, 5937235, 5937236, 5937237, 5937238, 5937239, 5937240, 5937244, 5937245, 5937246, 5937247, 5937248, 5937249"
Ecuador,0.14000,"5932, 5933, 5934, 5935, 5936, 5937"
Ecuador,0.16500,593
Ecuador,0.32300,"5939, 593939, 593959, 593967, 593980, 593981, 593984, 593985, 593986, 593987, 593988, 593989, 593990, 593991, 593993, 593994, 593995, 593996, 593997, 593998, 5939586, 5939587, 5939588, 5939589, 5939680, 5939681, 5939682, 5939683, 5939684, 5939685, 5939686, 5939687, 5939688, 5939689, 5939690, 5939691, 5939692, 5939693, 5939694, 5939695, 5939696, 5939697, 5939698, 5939699, 5939790, 5939791, 5939792, 5939793, 5939794, 5939795, 5939796, 5939797, 5939798, 5939799, 5939820, 5939821, 5939822, 5939823, 5939824, 5939825, 5939826, 5939827, 5939828, 5939829, 5939830, 5939831, 5939832, 5939833, 5939834, 5939835, 5939836, 5939837, 5939838, 5939839, 5939920, 5939921, 5939922, 5939923, 5939924, 5939925, 5939926, 5939927, 5939928, 5939929, 5939990, 5939991, 5939992, 5939993, 5939994, 5939995, 5939996, 5939997, 5939998, 5939999"
Egypt,0.15500,20
Egypt,0.16500,"2011, 2011794"
Egypt,0.22500,202
"El Salvador",0.26500,"50371, 50373, 50374, 50375, 503600, 503610, 503611, 503612, 503613, 503614, 503615, 503616, 503617, 503618, 503620, 503700, 503701, 503702, 503703, 503704, 503705, 503706, 503708, 503709, 503720, 503721, 503722, 503723, 503724, 503725, 503726, 503727, 503728, 503729, 503745, 503747, 503748, 503749, 503760, 503761, 503762, 503763, 503764, 503765, 503766, 503770, 503771, 503772, 503773, 503774, 503775, 503776, 503777, 503781, 503782, 503783, 503785, 503786, 503787, 503788, 503789, 503790, 503791, 503792, 503793, 503794, 503795, 503796, 503797, 503799, 5032100, 5032101, 5032102, 5032103, 5032121, 5032130, 5032131, 5032200, 5032202, 5032208, 5032210, 5032211, 5032233, 5032236, 5032238, 5032244, 5032257, 5032275, 5032287, 5032300, 5032302, 5032304, 5032323, 5032328, 5032329, 5032355, 5032366, 5032367, 5032373, 5032397, 5032403, 5032404, 5032405, 5032411, 5032414, 5032415, 5032416, 5032427, 5032430, 5032431, 5032434, 5032454, 5032455, 5032479, 5032489, 5032497, 5032500, 5032501, 5032502, 5032505, 5032507, 5032508, 5032509, 5032512, 5032513, 5032514, 5032516, 5032517, 5032530, 5032531, 5032532, 5032533, 5032534, 5032535, 5032536, 5032555, 5032600, 5032601, 5032603, 5032609, 5032612, 5032615, 5032620, 5032623, 5032631, 5032634, 5032635, 5032646, 5032656, 5032677, 5032678, 5032679, 5032697, 5037071, 5037687, 5037688, 5037689, 5037690, 5037691, 5037692, 5037693, 5037694, 5037695, 5037696, 5037697, 5037698, 5037699, 5037780, 5037781, 5037782, 5037783, 5037784, 5037785, 5037786, 5037787, 5037788, 5037789, 5037790, 5037791, 5037792, 5037793, 5037794, 5037795, 5037796, 5037797, 5037798, 5037799, 5037800, 5037801, 5037803, 5037805, 5037806, 5037807, 5037808, 5037809, 5037840, 5037841, 5037842, 5037843, 5037844, 5037845, 5037846, 5037847, 5037848, 5037849, 5037985, 5037986, 5037987, 5037988, 5037989"
"El Salvador",0.27500,503
"Equatorial Guinea",0.29500,240
"Equatorial Guinea",0.29500,"2402, 2405, 2406, 2407, 24035, 24055"
Eritrea,0.33500,2920
Eritrea,0.33500,291
Estonia,0.03300,372
Estonia,0.05750,3725
Estonia,0.46500,"37240, 37270, 37281, 37282"
Ethiopia,0.32500,"25191, 25193, 251910, 251911, 251912, 251913, 251919, 251920, 251921, 251922, 251923, 251924, 251925, 251926, 251927, 251928, 251929, 251958, 251959, 2519580, 2519581, 2519582, 2519583"
Ethiopia,0.32500,"25111, 25112, 25161"
Ethiopia,0.32500,251
"Faroe Islands",0.07700,298
"Faroe Islands",0.27500,"2985, 29821, 29822, 29823, 29824, 29825, 29826, 29827, 29828, 29829, 29871, 29872, 29873, 29874, 29875, 29876, 29877, 29878, 29879"
Fiji,0.26500,"6797, 6799, 67980, 67983, 67984, 67986, 67987, 67989"
Fiji,0.28500,679
"Finland/Aland Islands",0.06400,358
"Finland/Aland Islands",0.06500,"3584, 35840, 35841, 35842, 35844, 35846, 35850, 358299, 358436, 358438, 358451, 358452, 358453, 358456, 358458, 3584320, 3584321, 3584541, 3584547, 3584574, 3584576, 3584577, 3584578, 3584579, 3584944"
"Finland/Aland Islands",0.08500,3589
"Finland/Aland Islands",0.10000,"3587, 35810, 35820, 35829, 35830, 35860, 35871, 358800"
France,0.01600,33
France,0.04500,"3366, 3376, 33650, 33658, 33659, 33698, 33699, 33718, 33719, 336003, 336009, 336444, 336445, 336446, 336530, 336531, 336532, 336533, 336534, 337521, 337522, 337523, 337524, 337525, 337527, 337528, 337529, 337540, 337541, 337542, 337544, 337545, 3364950"
France,0.04500,"33651, 33652, 33695, 33781, 33782, 33783, 336000, 336006"
France,0.04500,"3367, 3368, 33607, 33608, 33630, 33631, 33632, 33633, 33637, 33638, 33640, 33642, 33643, 33645, 33647, 33648, 33654, 33770, 33771, 33785, 33786, 33787, 33788, 33789, 336001, 336008, 336020, 336021, 336365, 336366, 336367, 336368, 336369, 336417, 336441, 336442, 336443, 336490, 336491, 336492, 336493, 336494, 336496, 336497, 336498, 3364160, 3364161, 3364951, 3364952, 3364953, 3364954, 3364955, 3364956, 3364957, 3364958, 3364959, 3364992, 3364993, 3375061, 3375062, 3375063, 3375064, 3375065, 3375066, 3375067, 3375068, 3375069"
France,0.05000,"336, 337, 33753, 33758, 336055, 336056, 336057, 336058, 336059, 337510, 337511, 337512, 337513, 337514, 337515"
France,0.05500,"3361, 3362, 33601, 33603, 33609, 33634, 33635, 33636, 33646, 33655, 33755, 33759, 33777, 33778, 33779, 33780, 336002, 336007, 336022, 336023, 336024, 336025, 336040, 336041, 336044, 336045, 336046, 336047, 336048, 336049, 336050, 336051, 336052, 336053, 336054, 336064, 336065, 336066, 336067, 336068, 336069, 336410, 336411, 336412, 336413, 336414, 336415, 336418, 336419, 336440, 336447, 336448, 336449, 336567, 336568, 336698, 337500, 337501, 337505, 337507, 337508, 337509, 337520, 337526, 337575, 337576, 337577, 337578, 337713, 337714, 3363801, 3363802, 3363803, 3363804, 3363805, 3363807, 3363808, 3363809, 3364005, 3364006, 3364007, 3364008, 3364009, 3364163, 3364164, 3364166, 3364167, 3364168, 3364169, 3364990, 3364991, 3364995, 3364998, 3364999, 3365666, 3365667, 3365668, 3365669, 3375060, 3375432, 3375707, 3375717, 3377150, 3377151, 3377152, 3377153, 3377154"
France,0.12500,"1721, 5995"
France,0.15500,"172155, 1721510, 1721512, 1721520, 1721521, 1721522, 1721523, 1721524, 1721526, 1721527, 1721528, 1721529, 1721580, 1721581, 1721584, 1721585, 1721586, 1721587, 1721588"
"French Guiana",0.03400,594
"French Guiana",0.15500,594694
"French Guiana",0.15500,"5946942, 5946943, 5946949"
"French Polynesia",0.37500,689
Gabon,0.58500,"24104, 24107"
Gabon,0.65500,241
Gabon,0.65500,"2416, 24106"
Gabon,0.77500,"2415, 24105"
Gambia,0.64500,220
Georgia,0.06100,"995, 99532"
Georgia,0.10000,"99512, 99544"
Georgia,0.14000,"995514, 995551, 995555, 995557, 995558, 995568, 995570, 995571, 995574, 995577, 995579, 995591, 995592, 995593, 995595, 995596, 995597, 995598, 995599"
Germany,0.01500,49
Germany,0.05500,"49163, 49177, 49178, 491573, 491577, 491578"
Germany,0.06500,"49150, 49151, 49155, 49156, 49159, 49160, 49162, 49164, 49166, 49168, 49169, 49170, 49171, 49172, 49173, 49174, 49175, 49176, 49179, 491520, 491521, 491522, 491523, 491524, 491525, 491526, 491527, 491528, 491571, 491572, 491574, 491575, 491576, 491579, 491774"
Germany,0.35000,491570
Ghana,0.27760,"233, 23330"
Ghana,0.28930,"23320, 23323, 23324, 23326, 23327, 23328, 23350, 23354, 23357"
Gibraltar,0.04600,350
Gibraltar,0.25500,"3506, 35054, 35056, 35057, 35058"
Greece,0.02000,"30, 3021"
Greece,0.03400,"30693, 30694, 30695, 30697, 30698, 30699, 306905, 306906, 306907, 306908, 306909"
Greenland,0.47500,299
Greenland,0.70500,"2992, 2994, 2995"
Grenada,0.20500,1473
Grenada,0.32500,"1473403, 1473404, 1473405, 1473406, 1473407, 1473409, 1473410, 1473414, 1473415, 1473416, 1473417, 1473418, 1473419, 1473420, 1473421, 1473422, 1473449, 1473456, 1473457, 1473458, 1473459, 1473520, 1473521, 1473533, 1473534, 1473535, 1473536, 1473537, 1473538"
Grenada,0.34300,"147340, 147341, 147353, 1473269, 1473328, 1473329, 1473349, 1473386, 1473441, 1473455, 1473468, 1473473, 1473490, 1473636, 1473773, 1473938, 14737582, 14737584, 14737587, 14737842, 14737844, 14737847"
Guadeloupe,0.03200,590
Guadeloupe,0.06000,590690
Guam,0.03400,1671
Guatemala,0.19500,"50230, 50231, 50232, 50240, 50241, 50242, 50243, 50245, 50246, 50249, 50250, 502231, 502241, 502330, 502340, 502341, 502342, 502343, 502344, 502440, 502441, 502442, 502443, 502444, 502445, 502446, 502448, 502449, 502470, 502471, 502472, 502473, 502474, 502475, 502476, 502478, 502479, 502480, 502481, 502483, 502484, 502485, 502486, 502487, 502488, 502489, 502501, 502502, 502507, 502508, 502509, 502510, 502511, 502512, 502513, 502514, 502515, 502516, 502517, 502518, 502519, 502520, 502521, 502522, 502523, 502524, 502525, 502526, 502527, 502528, 502529, 502530, 502532, 502533, 502534, 502535, 502536, 502537, 502538, 502539, 502540, 502541, 502542, 502543, 502544, 502545, 502546, 502547, 502548, 502549, 502550, 502552, 502556, 502557, 502559, 502560, 502561, 502562, 502563, 502564, 502565, 502566, 502567, 502568, 502569, 502570, 502572, 502573, 502574, 502575, 502576, 502577, 502578, 502579, 502580, 502582, 502583, 502584, 502585, 502586, 502587, 502588, 502589, 502590, 502592, 502593, 502594, 502595, 502596, 502597, 502598, 502599, 5022222, 5022223, 5022229, 5022267, 5022268, 5022269, 5022277, 5022278, 5022279, 5022320, 5022321, 5022322, 5022323, 5022324, 5022326, 5022327, 5022328, 5022329, 5022375, 5022376, 5022377, 5022378, 5022379, 5022420, 5022421, 5022422, 5022423, 5022424, 5022425, 5022426, 5022427, 5022428, 5022429, 5022450, 5022459, 5022470, 5024470, 5024471, 5024472, 5024473, 5024474, 5024475, 5024476, 5024477, 5024478, 5024479, 5024770, 5024771, 5024772, 5024773, 5024774, 5024775, 5024776, 5024777, 5024778, 5024779, 5024822, 5024823, 5024824, 5024825, 5024826, 5024827, 5024828, 5024829, 5025310, 5025311, 5025312, 5025313, 5025314, 5025315, 5025316, 5025317, 5025318, 5025319, 5025510, 5025511, 5025512, 5025513, 5025514, 5025515, 5025516, 5025517, 5025518, 5025519, 5025531, 5025532, 5025533, 5025534, 5025535, 5025536, 5025537, 5025538, 5025539, 5025540, 5025541, 5025542, 5025543, 5025544, 5025545, 5025546, 5025547, 5025548, 5025549, 5025550, 5025551, 5025552, 5025553, 5025554, 5025555, 5025556, 5025557, 5025558, 5025559, 5025580, 5025581, 5025582, 5025583, 5025584, 5025585, 5025586, 5025587, 5025588, 5025589, 5025710, 5025711, 5025712, 5025713, 5025714, 5025715, 5025716, 5025717, 5025718, 5025719, 5025810, 5025811, 5025812, 5025813, 5025814, 5025815, 5025816, 5025817, 5025818, 5025819, 5025910, 5025911, 5025912, 5025913, 5025914, 5025915, 5025916, 5025917, 5025918, 5025919, 5026620, 5026621, 5026623, 5026624, 5026625, 5026626, 5026627, 5026628, 5026638, 5026648, 5026649, 5026659, 5026660, 5026677, 5026679, 5027723, 5027728, 5027740, 5027741, 5027742, 5027743, 5027744, 5027759, 5027779, 5027820, 5027821, 5027822, 5027823, 5027828, 5027859, 5027879, 5027920, 5027929, 5027959, 5027968, 5027969, 5027979"
Guatemala,0.22500,502
Guinea,0.54500,224
Guinea,0.57500,"22424, 22455, 22460, 22461, 22462, 22463, 22464, 22465, 22466, 22468, 22469, 22472"
Guinea-Bissau,0.44500,245
Guinea-Bissau,0.55500,"2455, 2456, 2457, 24590, 24591, 24592"
Guyana,0.12500,"59266, 59267, 59268, 59269, 59280, 592600, 592601, 592602, 592603, 592604"
Guyana,0.27500,592
Guyana,0.34500,"59261, 59262, 59263, 59264, 59265, 592609"
Haiti,0.41500,509
Haiti,0.41500,"5093, 5096, 5097, 5098, 50929, 50931, 50934, 50936, 50937, 50938, 50939, 50944, 50946, 50947, 50948, 50949, 509281"
Honduras,0.12500,504
Honduras,0.22500,"5043, 5048, 5049, 5047214, 5047215, 5047216, 5047217, 5047218, 5047219, 5047240, 5047241, 5047250, 5047251, 5047252, 5047411"
"Hong Kong",0.02300,852
"Hong Kong",0.04100,"8526, 8529, 85217, 85248, 85249, 85251, 85253, 85254, 85255, 85256, 85259, 8525230, 8525231, 8525232, 8525233, 8525260, 8525261, 8525262, 8525263, 8525264"
Hungary,0.01500,"36, 361"
Hungary,0.06300,"3620, 3630, 3631, 3670"
Iceland,0.02900,354
Iceland,0.05000,"35461, 35462, 35464, 35466, 35467, 35468, 35469, 35475, 35477, 35483, 35484, 35485, 35486, 35487, 35488, 35489, 354385, 354388, 354389, 354611, 354630, 354631, 354632, 354637, 354647, 354650, 354651, 354659, 354780, 354781, 354782, 354783, 354820, 354821, 354822, 354823, 354824, 354825, 354826, 354827, 354828, 354829"
Iceland,0.41200,"3543, 3546, 3548, 354380, 354642, 354652, 354655, 354770, 354771, 354772, 354773"
India,0.02500,"9111, 9116, 9117, 9118, 9122, 9133, 9140, 9144, 9179, 9180, 9184, 9185, 9187, 9188, 9189, 91861, 91863, 91866, 918622, 918623, 918624, 918626, 918627, 918640, 918641, 918643, 918644, 918645, 918647, 918648, 918654, 918656, 918659, 918671, 918672, 918673, 918674, 918676, 918677, 918678, 918682, 918683, 918684, 918685, 918689"
India,0.02500,"919, 9177, 9178, 9190, 9192, 9193, 9195, 9196, 9197, 9198, 9199, 91510, 91720, 91800, 91801, 91805, 91807, 91808, 91809, 91810, 91812, 91814, 91843, 91860, 91879, 91880, 91887, 91888, 91889, 91890, 91895, 91897, 91898, 91899, 91941, 91942, 91943, 91944, 91945, 91946, 91947, 917250, 917259, 917265, 917275, 917276, 917277, 917278, 917293, 917298, 917299, 917373, 917376, 917377, 917379, 917382, 917396, 917398, 917399, 917411, 917415, 917416, 917417, 917418, 917419, 917428, 917429, 917439, 917483, 917488, 917489, 917498, 917499, 917500, 917501, 917502, 917503, 917504, 917505, 917520, 917549, 917566, 917567, 917568, 917569, 917588, 917597, 917598, 917600, 917602, 917607, 917620, 917631, 917639, 917654, 917665, 917666, 917667, 917668, 917669, 917676, 917677, 917679, 917696, 917697, 917698, 917699, 917839, 918004, 918115, 918116, 918130, 918171, 918179, 918197, 918220, 918233, 918235, 918237, 918238, 918239, 918252, 918260, 918264, 918268, 918269, 918270, 918271, 918273, 918275, 918280, 918281, 918285, 918286, 918287, 918290, 918291, 918293, 918294, 918295, 918296, 918297, 918298, 918302, 918303, 918305, 918306, 918307, 918308, 918341, 918344, 918347, 918348, 918349, 918374, 918390, 918400, 918401, 918409, 918410, 918420, 918421, 918423, 918427, 918428, 918429, 918445, 918446, 918447, 918448, 918449, 918453, 918459, 918460, 918469, 918486, 918489, 918500, 918507, 918508, 918509, 918511, 918521, 918526, 918527, 918528, 918529, 918530, 918544, 918547, 918553, 918574, 918575, 918590, 918591, 918595, 918597, 918650, 918651, 918652, 918653, 918655, 918657, 918658, 918670, 918675, 918679, 918686, 918687, 918688, 918690, 918695, 918696, 918697, 918698, 918699, 918712, 918714, 918722, 918726, 918750, 918754, 918755, 918756, 918757, 918758, 918759, 918760, 918762, 918763, 918765, 918766, 918767, 918768, 918769, 918810, 918815, 918817, 918820, 918822, 918824, 918825, 918826, 918827, 918828, 918853, 918858, 918859, 918860, 918861, 918866, 918867, 918895, 918903, 918923, 918925, 918926, 918927, 918928, 918929, 918930, 918939, 918940, 918943, 918948, 918960, 918961, 918962, 918967, 918968, 918969, 918985, 918986, 918989, 919100, 919102, 919108, 919109, 919110, 919111, 919112, 919114, 919117, 919122, 919124, 919125, 919126, 919127, 919128, 919129, 919131, 919132, 919133, 919135, 919136, 919137, 919138, 919141, 919142, 919143, 919144, 919145, 919146, 919148, 919149, 919150, 919153, 919158, 919159, 919160, 919161, 919162, 919163, 919164, 919165, 919166, 919167, 919171, 919172, 919173, 919174, 919175, 919176, 919177, 919178, 919179, 919180, 919181, 919182, 919183, 919184, 919185, 919186, 919189, 919190, 919192, 919193, 919194, 919195, 919196, 919197, 919198, 919199, 919400, 919401, 919402, 919403, 919404, 919405, 919406, 919407, 919408, 919480, 919481, 919482, 919483, 919486, 919487, 919488, 919489, 919490, 919491, 919492, 919493, 919494, 919495, 919496, 919497, 919530, 919532, 919682, 919683, 919684, 9175728, 9175729, 9175730, 9175738, 9175739, 9175740, 9175748, 9175749, 9175750, 9175758, 9175790, 9175791, 9175792, 9175794, 9175870, 9175871, 9175872, 9175873, 9175874, 9175890, 9175891, 9175892, 9175893, 9175894, 9175895, 9175990, 9175991, 9175992, 9175993, 9175994, 9180050, 9180051, 9180052, 9180053, 9180054, 9182770, 9182771, 9182772, 9182773, 9182774, 9182775, 9182776, 9183000, 9183001, 9183309, 9183310, 9183318, 9183319, 9183320, 9183328, 9183329, 9183330, 9183338, 9183339, 9183340, 9183348, 9183349, 9183350, 9183358, 9183359, 9183360, 9183368, 9183369, 9183370, 9187640, 9187641, 9187642, 9187643, 9187644, 9187645, 9187646, 9187647, 9189000, 9189001, 9189002, 9189003, 9189004, 9189005, 9189006, 9189007, 9189010, 9189011, 9189012, 9189013, 9189014, 9189015, 9189020, 9189021, 9189022, 9189023, 9189024, 9189025, 9189026, 9189027, 9189870, 9189871, 9189872, 9189873, 9189874, 9189875, 9189876, 9189877, 9189880, 9189881, 9189882, 9189883, 9189884, 9194090, 9194091, 9194092, 9194093, 9194094, 9194850, 9194851, 9194980, 9194981, 9195310, 9195315, 9195316, 9195317, 9195318"
India,0.03000,91
Indonesia,0.04000,6221
Indonesia,0.06500,"6222, 6231, 6261, 62251, 62341, 62361, 62411, 62778"
Indonesia,0.08930,62
Indonesia,0.11000,"628, 62811, 62812, 62813, 62814, 62815, 62816, 62817, 62818, 62819, 62821, 62822, 62823, 62851, 62852, 62853, 62855, 62856, 62857, 62858, 62859, 62877, 62878"
Iran,0.06500,9821
Iran,0.25500,989
Iran,0.25500,98
Iraq,0.17500,964
Iraq,0.18500,"9641, 96453, 96460, 96462, 96466"
Iraq,0.29500,"9647, 96475, 96477, 96478, 96479"
Ireland,0.01600,"353, 3531"
Ireland,0.08500,"3538, 35383, 35385, 35386, 35387, 3538941, 3538942, 3538943, 3538944, 3538945, 3538946, 3538947"
Ireland,0.12500,35376
Ireland,0.19000,35384
Israel,0.01500,972
Israel,0.04500,"9725, 9726, 97250, 97251, 97252, 97253, 97254, 97255, 97256, 97257, 97258"
Israel,0.21500,"97222, 97242, 97282, 97292"
Italy,0.01600,39
Italy,0.03500,"393, 3932, 3933, 3934, 3936, 3938, 39310, 39313, 39319, 39370, 39373, 39377, 39383, 39390, 39391, 39392, 39393, 39397, 393510, 393511, 393512, 393711"
"Ivory Coast",0.30500,"225, 2252"
"Ivory Coast",0.45500,"22501, 22502, 22503, 22504, 22505, 22506, 22507, 22508, 22509, 22540, 22541, 22542, 22544, 22545, 22546, 22547, 22548, 22549, 22555, 22556, 22557, 22558, 22559, 22560, 22561, 22565, 22566, 22567, 22569, 22577"
Jamaica,0.13000,1876
Jamaica,0.30500,"187624, 187625, 187626, 187628, 187629, 187632, 187633, 187634, 187635, 187636, 187637, 187638, 187639, 187641, 187642, 187643, 187644, 187645, 187646, 187647, 187648, 187649, 187653, 187654, 187657, 187658, 187659, 187677, 187682, 187683, 187684, 187685, 187686, 187687, 187688, 187689, 1876210, 1876275, 1876276, 1876277, 1876278, 1876279, 1876301, 1876302, 1876303, 1876304, 1876305, 1876306, 1876307, 1876308, 1876309, 1876310, 1876312, 1876313, 1876314, 1876315, 1876316, 1876317, 1876318, 1876319, 1876401, 1876402, 1876403, 1876404, 1876405, 1876406, 1876407, 1876408, 1876409, 1876503, 1876504, 1876505, 1876506, 1876507, 1876508, 1876509, 1876520, 1876521, 1876522, 1876524, 1876527, 1876528, 1876529, 1876550, 1876551, 1876552, 1876553, 1876554, 1876556, 1876557, 1876558, 1876559, 1876560, 1876561, 1876562, 1876564, 1876565, 1876566, 1876567, 1876568, 1876569, 1876618, 1876619, 1876648, 1876649, 1876665, 1876667, 1876668, 1876669, 1876700, 1876707, 1876781, 1876782, 1876783, 1876784, 1876787, 1876788, 1876789, 1876790, 1876791, 1876792, 1876793, 1876796, 1876797, 1876798, 1876799, 1876804, 1876805, 1876806, 1876807, 1876808, 1876809, 1876810, 1876812, 1876813, 1876814, 1876815, 1876816, 1876817, 1876818, 1876819, 1876909, 1876919, 1876990, 1876995, 1876997, 1876999"
Jamaica,0.35600,"18763, 18764, 18768, 187631, 187678, 187679, 1876410, 1876412, 1876413, 1876414, 1876416, 1876417, 1876418, 1876419, 1876440, 1876441, 1876442, 1876443, 1876445, 1876446, 1876447, 1876448, 1876449, 1876460, 1876461, 1876462, 1876463, 1876464, 1876465, 1876466, 1876467, 1876468, 1876469, 1876470, 1876471, 1876472, 1876473, 1876474, 1876475, 1876476, 1876477, 1876478, 1876479, 1876530, 1876621, 1876651, 1876695, 1876696, 1876697, 1876698, 1876699, 1876780, 1876785, 1876786, 1876794, 1876795, 1876870, 1876871, 1876872, 1876873, 1876874, 1876875, 1876877, 1876878, 1876879, 1876880, 1876881, 1876882, 1876883, 1876884, 1876885, 1876886, 1876887, 1876889, 1876976, 1876980"
Japan,0.04000,81
Japan,0.04000,813
Japan,0.05500,8150
Japan,0.13500,"8170, 8180, 8190"
Jordan,0.11430,962
Jordan,0.17430,"96275, 96277, 96278, 96279"
Kazakhstan,0.01600,"771, 772, 776, 7762, 7763, 7764, 77172, 77182, 77212, 776099"
Kazakhstan,0.09500,"77272, 77273"
Kenya,0.18300,25441
Kenya,0.18500,"254, 25420"
Kenya,0.18500,"2547, 25470, 25471, 25472, 25473, 254785, 254786, 254787, 254788, 254789"
Kenya,0.23700,"254710, 254711, 254712, 254713, 254714, 254716, 254717, 254731, 254732, 254733, 254734, 254735, 254736, 254737, 254738"
"Korea Dem People's Rep",0.74500,850
"Korea Republic of",0.01800,82
"Korea Republic of",0.03100,"821, 8211, 8216, 8217, 8218, 8219, 821020, 821021, 821022, 821023, 821024, 821025, 821026, 821027, 821028, 821029, 821030, 821031, 821032, 821033, 821034, 821035, 821036, 821037, 821038, 821039, 821040, 821041, 821042, 821043, 821044, 821045, 821046, 821047, 821048, 821049, 821050, 821051, 821052, 821053, 821054, 821055, 821056, 821057, 821058, 821060, 821062, 821063, 821064, 821065, 821066, 821067, 821068, 821071, 821072, 821073, 821074, 821075, 821076, 821077, 821078, 821079, 821080, 821081, 821082, 821083, 821084, 821085, 821086, 821087, 821088, 821089, 821090, 821091, 821092, 821093, 821094, 821095, 821096, 821097, 821098, 821099, 8210591, 8210592, 8210593, 8210594, 8210595"
Kuwait,0.07500,965
Kuwait,0.12500,"9655, 9656, 9659"
Kyrgyzstan,0.18500,"996, 996312"
Kyrgyzstan,0.27500,"99651, 99655, 99656, 99657, 99670, 99677, 996543, 996545, 996622, 996623"
"Laos PDR",0.06500,856
Latvia,0.08790,371
Latvia,0.45500,"37121, 371200, 371202, 371203, 371204, 371205, 371206, 371207, 371221, 371222, 371224, 371225, 371251, 371252, 371253, 371254, 371256, 371257, 371259, 371260, 371261, 371262, 371263, 371264, 371265, 371266, 371267, 371268, 371269, 371270, 371271, 371273, 371274, 371275, 371278, 371281, 371282, 371283, 371286, 371287, 371288, 371289, 371291, 371292, 371293, 371294, 371295, 371296, 371297, 371298, 371299, 3712019, 3712080, 3712081, 3712082, 3712083, 3712084, 3712085, 3712086, 3712087, 3712088, 3712094, 3712200, 3712201, 3712202, 3712203, 3712204, 3712205, 3712206, 3712207, 3712208, 3712209, 3712230, 3712231, 3712232, 3712233, 3712234, 3712235, 3712236, 3712237, 3712238, 3712239, 3712280, 3712281, 3712282, 3712283, 3712284, 3712286, 3712287, 3712478, 3712489, 3712550, 3712551, 3712552, 3712553, 3712554, 3712555, 3712556, 3712557, 3712558, 3712559, 3712580, 3712581, 3712582, 3712583, 3712584, 3712585, 3712586, 3712587, 3712588, 3712589, 3712720, 3712721, 3712728, 3712729, 3712760, 3712761, 3712762, 3712763, 3712764, 3712765, 3712766, 3712767, 3712770, 3712771, 3712772, 3712773, 3712774, 3712775, 3712776, 3712778, 3712779, 3712790, 3712792, 3712793, 3712799, 3712844, 3712845, 3712846, 3712847, 3712848, 3712849"
Latvia,0.82500,"3712, 3712018, 3712400, 3712840, 3712859, 3712906, 3712907, 3717872, 3718110"
Lebanon,0.13500,961
Lebanon,0.24500,"9613, 96170, 96171, 961760, 961761, 961763, 961764, 961765, 961766, 961767, 961768, 961769, 961788, 961789, 961791, 9617930, 9617931, 9617932"
Lesotho,0.25500,266
Lesotho,0.30500,"2665, 2666"
Liberia,0.36500,231
Liberia,0.56500,"2314, 2316, 2317, 2319, 23155, 23188"
Libya,0.29500,218
Libya,0.42500,"21891, 21892, 21894, 21895, 21896"
Liechtenstein,0.12500,423
Liechtenstein,0.26500,"4236, 4237"
Lithuania,0.02600,370
Lithuania,0.03500,"37060, 37061, 37062, 37063, 37065, 37067, 370640, 370641, 370642, 370643, 370644, 370645, 370646, 370647, 370648, 370649, 370660, 370661, 370662, 370663, 370666, 370667, 370669, 370680, 370681, 370682, 370683, 370684, 370685, 370686, 370687, 370688, 370689, 370690, 370691, 370692, 370693, 370694, 370695, 370696, 370697, 370698, 370699, 3706686"
Lithuania,0.80500,3706
Luxembourg,0.03000,352
Luxembourg,0.27500,"352621, 352628, 352661, 352668, 352671, 352678, 352691, 352698, 3526021"
Macau,0.08300,853
Macedonia,0.25500,"389, 389252, 3893152, 3893252, 3893352, 3893452, 3894252, 3894352, 3894452, 3894552, 3894652, 3894752, 3894852"
Macedonia,0.55500,"38970, 38971, 38972, 38975, 38976, 38977, 38978, 389732, 389733, 3897340, 38976389732"
Madagascar,0.83500,261
Madagascar,0.85500,"2613, 26132, 26133, 26134, 26139"
Malawi,0.18500,265
Malawi,0.31500,"2658, 2659, 26599"
Malaysia,0.02200,60
Malaysia,0.03500,"601, 6012, 6013, 6016, 6017, 6019, 60102, 60142, 60143, 60145, 60146, 60147, 60148, 60149, 601030, 601031, 601032, 601033, 601034, 601036, 601037, 601038, 601039, 601040, 601041, 601042, 601043, 601046, 601050, 601051, 601052, 601053, 601054, 601056, 601057, 601058, 601059, 601060, 601061, 601062, 601063, 601064, 601066, 601070, 601071, 601076, 601077, 601078, 601079, 601080, 601081, 601082, 601083, 601084, 601085, 601086, 601087, 601088, 601089, 601091, 601092, 601093, 601094, 601095, 601096, 601097, 601098, 601112, 601115, 601116, 601122, 601123, 601125, 601126, 601129, 601131, 601133, 601136, 6010172, 6010173, 6010900, 6010901, 6010902, 6010903, 6010905, 6010906, 6010907, 6010908, 6010909, 6011105, 6011106, 6011107, 6011108, 6011109, 6011130, 6011131, 6011132, 6011133, 6011134, 6011135, 6011136, 6011137, 6011138, 6011139, 6011140, 6011141, 6011142, 6011143, 6011144, 6011145, 6011146, 6011147, 6011148, 6011149, 6011175, 6011176, 6011177, 6011178, 6011179, 6011185, 6011186, 6011187, 6011188, 6011189, 6011190, 6011191, 6011192, 6011193, 6011194, 6011200, 6011201, 6011202, 6011203, 6011204, 6011240, 6011241, 6011242, 6011243, 6011244, 6011275, 6011276, 6011277, 6011278, 6011279, 6015961, 6015962, 6015963, 6015964"
Maldives,1.15500,960
Maldives,1.15500,9609
Mali,0.28500,"223, 22320, 22344"
Mali,0.46500,"2236, 2237, 22390, 22391, 22392, 22393, 22396, 22397, 22398, 22399"
Malta,0.02100,356
Malta,0.06200,"35672, 35677, 35679, 35692, 35694, 35696, 35699, 3567117, 3568004, 3569811, 3569812, 3569813, 3569889, 3569897"
"Marshall Islands",0.35500,692
Martinique,0.03300,596
Martinique,0.05040,"5966961, 5966962, 5966963, 5966964, 5966965, 5966967, 5966969, 59669680, 59669681, 59669682, 59669683, 59669684, 59669685, 59669686, 59669699"
Martinique,0.10500,596696
Mauritania,0.61500,"222, 22225"
Mauritania,0.61500,"22220, 22221, 22222, 22223, 22224, 22226, 22227, 22228, 22229, 22230, 22231, 22232, 22233, 22234, 22236, 22237, 22238, 22239, 22240, 22241, 22242, 22243, 22244, 22246, 22247, 22248, 22249, 22259, 22260, 22261, 22262, 22263, 22264, 22265, 22266, 22267, 22268, 22269, 22270, 22271, 22272, 22273, 22274, 22275, 22276, 22277, 22278, 22279"
Mauritius,0.11500,"23057, 23059, 230525, 230547, 230549, 230582, 230586, 2305421, 2305422, 2305423, 2305428, 2305429"
Mauritius,0.19500,"230, 23083, 23087"
Mexico,0.01500,5255
Mexico,0.01500,52
Mexico,0.01500,5233
Mexico,0.01500,5281
Mexico,0.08000,521
Micronesia,0.29500,691
Moldova,0.26500,373
Moldova,0.36500,"37360, 37368, 37369, 37377, 37378, 37379, 373610, 373611, 373671, 373672, 373673, 373674, 373675, 373676, 373677, 373767"
Monaco,0.01500,377
Monaco,0.49500,"3774, 3776, 37744, 37745, 3774098"
Mongolia,0.05300,976
Montenegro,0.18500,382
Montenegro,0.52500,"38263, 38267, 38268, 38269"
Montserrat,0.32500,1664
"Morocco/Western Sahara",0.03000,212
"Morocco/Western Sahara",0.57500,"212529, 212538"
"Morocco/Western Sahara",0.57500,"212600, 212601, 212602, 212603, 212604, 212605, 212606, 212607, 212608, 212610, 212611, 212612, 212613, 212614, 212615, 212616, 212617, 212618, 212619, 212620, 212621, 212622, 212623, 212624, 212625, 212626, 212627, 212628, 212629, 212630, 212631, 212632, 212633, 212634, 212635, 212636, 212637, 212638, 212639, 212640, 212641, 212642, 212643, 212644, 212645, 212646, 212647, 212648, 212649, 212650, 212651, 212652, 212653, 212654, 212655, 212656, 212657, 212658, 212659, 212660, 212661, 212662, 212663, 212664, 212665, 212666, 212667, 212668, 212669, 212670, 212671, 212672, 212673, 212674, 212675, 212676, 212677, 212678, 212679, 212680, 212681, 212697, 212698, 212699"
Mozambique,0.01500,258
Mozambique,0.14500,"25882, 25886, 25887"
Mozambique,0.32500,25884
Myanmar,0.36500,95
Namibia,0.08500,264
Namibia,0.16500,"26481, 26485"
Nepal,0.15500,"977, 97712, 97714, 97715, 97716"
Nepal,0.16500,"97798, 977960, 977961, 977962, 977963, 977972, 977974, 977975, 977980, 977981, 977990"
Netherlands,0.01700,31
Netherlands,0.05500,"31610, 31611, 31612, 31613, 31614, 31615, 31616, 31617, 31618, 31619, 31620, 31621, 31622, 31623, 31624, 31625, 31626, 31627, 31628, 31629, 31630, 31631, 31633, 31634, 31636, 31638, 31639, 31640, 31641, 31642, 31643, 31644, 31645, 31646, 31647, 31648, 31649, 31650, 31651, 31652, 31653, 31654, 31655, 31657, 31665, 31681, 31682, 31683, 316320, 316321, 316322, 316560, 316561"
Netherlands,0.08500,"316, 31684, 31685, 31687, 316860, 316861, 316862, 316863, 316864"
"Netherlands Antilles",0.06000,"59994, 59998, 599950, 599973, 599974, 5999720, 5999721, 5999722, 5999763, 5999765, 5999766, 5999767, 5999777"
"Netherlands Antilles",0.17500,"59970, 59978, 599951, 599952, 599953, 599954, 599955, 599956, 599961, 599966, 599967, 599968, 599969, 5993181, 5993184, 5993185, 5993186, 5993187, 5994161, 5994164, 5994165, 5994166, 5994167, 5994168, 5999630, 5999631"
"Netherlands Antilles",0.21500,599
"New Caledonia",0.24500,687
"New Zealand",0.02150,64
"New Zealand",0.06500,642
Nicaragua,0.17500,505
Nicaragua,0.33500,"50557, 50558, 50576, 50577, 50578, 50581, 505750, 505751, 505752, 505753, 505754, 505755, 505820, 505821, 505822, 505823, 505824, 505825, 505826, 505827, 505828, 505829, 505832, 505833, 505835, 505836, 505837, 505838, 505839, 505840, 505841, 505842, 505843, 505844, 505845, 505846, 505847, 505848, 505849, 505850, 505851, 505852, 505853, 505854, 505855, 505856, 505857, 505858, 505859, 505860, 505861, 505862, 505863, 505864, 505865, 505866, 505867, 505868, 505869, 505870, 505871, 505872, 505873, 505874, 505875, 505876, 505877, 505878, 505879, 505881, 505882, 505883, 505884, 505885, 505886, 505888, 505890, 505891, 505892, 505893, 505894, 505895, 505896, 505897, 505898, 505899, 5055500, 5055501, 5055502, 5055503, 5055504, 5058802, 5058803, 5058804, 5058805, 5058806, 5058807, 5058808, 5058809, 5058871, 5058872, 5058873, 5058874, 5058875, 5058876, 5058877, 5058878, 5058879, 5058893, 5058894, 5058895, 5058896, 5058897, 5058898, 5058899"
Nicaragua,0.34600,"5054, 5056, 5058, 5059, 50535, 50536, 50540, 50541, 50542, 50543, 50544, 50548, 50549, 50550, 50580, 50589, 50590, 50591, 50592, 50593, 50594, 50595, 50596, 50597, 50598, 50599"
Niger,0.45500,"22723, 22789, 22790, 22791, 22792, 22796, 22797, 22798, 22799, 22800"
Niger,0.47500,227
Nigeria,0.09500,"234, 2341, 234129, 234173, 234174, 234180, 234181, 234182, 234184, 234185, 234187, 234189, 234195, 234229, 234287, 234318, 234388, 234398, 234428, 234468, 234488, 234528, 234538, 234548, 234568, 234628, 234643, 234648, 234649, 234658, 234698, 234704, 234738, 234769, 234778, 234828, 234838, 234847, 234848, 234858, 234878, 234888, 234929, 234980, 234987, 2341342, 2341453, 2341454, 2341880, 2341881, 2341882, 2341883, 2343129, 2343829, 2343929, 2343961, 2343962, 2343963, 2343964, 2343965, 2344229, 2344266, 2344329, 2344628, 2344629, 2344666, 2344671, 2344672, 2344673, 2344674, 2344675, 2344676, 2344677, 2344678, 2344679, 2344829, 2344888, 2345229, 2345277, 2345278, 2345279, 2345529, 2345629, 2346229, 2346277, 2346278, 2346279, 2346429, 2346443, 2346461, 2346462, 2346469, 2346470, 2346474, 2346475, 2346476, 2346479, 2346529, 2346929, 2347025, 2347026, 2347028, 2347029, 2347329, 2347629, 2348190, 2348191, 2348229, 2348244, 2348255, 2348343, 2348366, 2348421, 2348422, 2348429, 2348430, 2348431, 2348434, 2348437, 2348453, 2348455, 2348456, 2348466, 2348490, 2348529, 2348566, 2348729, 2348766, 2348777, 2348829, 2348866"
Nigeria,0.15500,"2341903, 2341904, 2341905, 2341906, 2341907, 2341908, 2341909, 2341910, 2341911, 2341912, 2341913, 2341914, 2341915, 2342903, 2342904, 2342905, 2348493, 2348494, 2349903, 2349904"
Nigeria,0.22000,"234701, 234703, 234705, 234706, 234708, 234802, 234803, 234805, 234806, 234807, 234808, 234809, 234810, 234811, 234812, 234813, 234814, 234815, 234816, 234817, 234818, 234903, 234909"
"Northern Mariana Islands",0.10500,1670
Norway,0.02000,47
Norway,0.12500,"470, 4785, 47810, 47811, 47812, 47813, 47814, 47815, 47880, 471881, 471882"
Norway,0.15500,"474, 479, 4758, 4759, 47402, 47403, 47407, 47412, 47413, 47414, 47415, 47416, 47417, 47450, 47451, 47452, 47454, 47460, 47464, 47468, 47473, 47476, 47478, 47480, 47481, 47482, 47900, 47901, 47902, 47905, 47906, 47907, 47908, 47909, 47911, 47913, 47915, 47916, 47917, 47918, 47920, 47922, 47924, 47926, 47928, 47930, 47932, 47934, 47936, 47938, 47941, 47942, 47948, 47950, 47951, 47952, 47954, 47957, 47958, 47959, 47970, 47971, 47975, 47976, 47977, 47980, 47982, 47984, 47986, 47988, 47992, 47993, 47994, 47995, 47999, 474000, 474001, 474004, 474005, 474006, 474007, 474008, 474009, 474010, 474011, 474014, 474015, 474016, 474017, 474018, 474019, 474045, 474046, 474047, 474048, 474049, 474050, 474055, 474060, 474061, 474062, 474063, 474064, 474084, 474085, 474086, 474087, 474088, 474089, 474100, 474101, 474106, 474107, 474110, 474111, 474112, 474113, 474114, 474115, 474116, 474117, 474118, 474119, 474184, 474185, 474539, 474550, 474551, 474559, 474566, 474567, 474568, 474569, 474576, 474577, 474578, 474579, 474580, 474581, 474582, 474583, 474584, 474585, 474586, 474588, 474589, 474591, 474593, 474594, 474611, 474612, 474613, 474614, 474615, 474616, 474617, 474618, 474619, 474628, 474629, 474630, 474631, 474632, 474633, 474650, 474654, 474660, 474661, 474662, 474663, 474666, 474667, 474670, 474673, 474674, 474675, 474690, 474691, 474692, 474693, 474694, 474695, 474696, 474714, 474715, 474716, 474717, 474718, 474719, 474720, 474721, 474722, 474723, 474724, 474725, 474726, 474727, 474728, 474729, 474744, 474750, 474751, 474754, 474757, 474758, 474759, 474770, 474771, 474775, 474776, 474778, 474790, 474798, 474799, 474830, 474833, 474834, 474837, 474840, 474842, 474849, 474850, 474859, 474893, 479036, 479040, 479041, 479047, 479100, 479124, 479191, 479199, 479210, 479217, 479237, 479257, 479277, 479297, 479317, 479337, 479357, 479377, 479391, 479400, 479401, 479402, 479403, 479405, 479410, 479411, 479412, 479442, 479443, 479447, 479448, 479449, 479474, 479475, 479476, 479477, 479478, 479479, 479490, 479497, 479498, 479530, 479533, 479536, 479552, 479555, 479601, 479604, 479609, 479620, 479622, 479623, 479650, 479651, 479660, 479661, 479662, 479663, 479664, 479689, 479690, 479691, 479692, 479740, 479741, 479742, 479743, 479746, 479747, 479748, 479749, 479795, 479796, 479797, 479798, 479799, 479815, 479816, 479817, 479818, 479819, 479830, 479831, 479832, 479833, 479834, 479835, 479836, 479837, 479854, 479876, 479899, 479910, 479911, 479912, 479915, 479916, 479967, 479968"
Oman,0.15500,968
Oman,0.34500,"9689, 96895, 96896, 968940, 968941, 968942, 968943, 968944, 968970, 968971, 968972, 968973, 968974, 968976, 968977, 968978, 9681505"
Pakistan,0.16000,"923, 9230"
Pakistan,0.27200,92
Palau,0.44760,680
"Palestinian Territory",0.22500,970
"Palestinian Territory",0.23500,"97056, 97059"
Panama,0.04500,"507, 5072, 5073, 50750, 50751, 507520, 507521, 507522, 507523, 507524, 507525, 507526, 507527, 507529, 507530, 507560, 507561, 507563, 507574, 507578, 507579, 507590"
Panama,0.17500,"5080, 50760, 50761, 50764, 507636, 507638, 507639, 507656, 507657, 507658, 507659, 507660, 507661, 507662, 507663, 507664, 507681, 507682, 507683, 507685, 507686, 507689, 507692, 507693, 507697, 507699"
Paraguay,0.05500,"595, 59500"
Paraguay,0.14500,"5959, 59596, 59600, 595220, 595330, 595350, 595360, 595370, 595420, 595570, 595571, 595572, 595573, 595580, 595660, 595750, 595790, 595951"
Peru,0.01600,"5112, 5113, 5114, 5115, 5116, 5117"
Peru,0.02300,51
Peru,0.11500,"519, 51940, 51945, 51971, 51985, 51986, 51987, 51988, 51989, 51990, 51991, 51992, 51993, 51995, 51996, 51997, 51999, 519417, 519419, 519420, 519421, 519422, 519423, 519424, 519426, 519427, 519428, 519429, 519430, 519431, 519432, 519433, 519434, 519435, 519436, 519438, 519439, 519443, 519444, 519446, 519449, 519466, 519467, 519474, 519475, 519476, 519477, 519478, 519479, 519481, 519482, 519483, 519484, 519485, 519486, 519487, 519488, 519489, 519491, 519492, 519493, 519494, 519495, 519496, 519498, 519499, 519500, 519502, 519503, 519504, 519505, 519506, 519507, 519508, 519509, 519510, 519511, 519512, 519513, 519514, 519515, 519516, 519517, 519518, 519519, 519520, 519522, 519523, 519526, 519528, 519529, 519536, 519537, 519539, 519540, 519541, 519546, 519547, 519548, 519549, 519556, 519557, 519558, 519559, 519560, 519561, 519562, 519563, 519564, 519565, 519566, 519567, 519568, 519569, 519574, 519575, 519576, 519577, 519578, 519579, 519581, 519582, 519583, 519585, 519586, 519587, 519588, 519590, 519591, 519593, 519594, 519595, 519596, 519597, 519598, 519599, 519610, 519615, 519616, 519617, 519618, 519619, 519622, 519623, 519625, 519626, 519627, 519628, 519629, 519636, 519640, 519641, 519642, 519643, 519644, 519645, 519646, 519647, 519648, 519649, 519650, 519653, 519656, 519657, 519658, 519659, 519661, 519663, 519665, 519666, 519667, 519668, 519669, 519677, 519680, 519681, 519684, 519685, 519686, 519687, 519688, 519689, 519690, 519691, 519692, 519693, 519694, 519695, 519696, 519697, 519698, 519699, 519700, 519726, 519728, 519729, 519730, 519731, 519732, 519733, 519734, 519735, 519736, 519737, 519738, 519739, 519742, 519743, 519744, 519745, 519746, 519747, 519749, 519750, 519751, 519752, 519753, 519754, 519755, 519756, 519757, 519760, 519761, 519762, 519763, 519764, 519765, 519766, 519767, 519768, 519769, 519780, 519781, 519783, 519784, 519785, 519786, 519787, 519788, 519789, 519790, 519791, 519792, 519793, 519794, 519795, 519796, 519797, 519798, 519799, 519801, 519802, 519803, 519804, 519805, 519806, 519807, 519808, 519809, 519816, 519817, 519818, 519819, 519823, 519827, 519833, 519836, 519837, 519839, 519840, 519841, 519842, 519843, 519844, 519845, 519846, 519847, 519848, 519849, 519943, 519944, 519945, 519946, 519947, 519948, 519949, 519980, 519984, 519985, 519986, 519987, 519988, 519989, 5194180, 5194181, 5194182, 5194183, 5194185, 5194186, 5194187, 5194188, 5194189, 5194370, 5194371, 5194372, 5194373, 5194374, 5194375, 5194376, 5194377, 5194378, 5194379, 5194480, 5194481, 5194482, 5194489, 5194684, 5194685, 5194686, 5194687, 5194688, 5194689, 5194700, 5194701, 5194702, 5194703, 5194704, 5194705, 5194805, 5194806, 5194807, 5194808, 5194809, 5194900, 5194901, 5194902, 5194903, 5194904, 5194905, 5194906, 5194907, 5194908, 5194909, 5194970, 5194971, 5194972, 5194973, 5194974, 5194975, 5194976, 5194977, 5194978, 5194979, 5195011, 5195012, 5195013, 5195014, 5195015, 5195016, 5195017, 5195018, 5195019, 5195250, 5195251, 5195252, 5195253, 5195254, 5195270, 5195271, 5195272, 5195350, 5195352, 5195353, 5195354, 5195355, 5195356, 5195430, 5195440, 5195441, 5195442, 5195443, 5195444, 5195445, 5195446, 5195447, 5195448, 5195550, 5195700, 5195800, 5195801, 5195802, 5195803, 5195804, 5195805, 5195806, 5195807, 5195808, 5195809, 5195840, 5195841, 5195842, 5195843, 5195844, 5195845, 5195846, 5195847, 5195848, 5195849, 5195890, 5195891, 5195892, 5195893, 5195894, 5195895, 5195896, 5195897, 5195898, 5195899, 5195920, 5195921, 5195922, 5195923, 5195924, 5195925, 5195926, 5195927, 5195928, 5195929, 5196110, 5196111, 5196112, 5196113, 5196114, 5196115, 5196116, 5196117, 5196207, 5196208, 5196209, 5196350, 5196351, 5196352, 5196353, 5196354, 5196370, 5196371, 5196372, 5196373, 5196374, 5196375, 5196376, 5196390, 5196391, 5196392, 5196393, 5196394, 5196395, 5196398, 5196399, 5196540, 5196600, 5196601, 5196602, 5196603, 5196604, 5196605, 5196640, 5196641, 5196642, 5196643, 5196644, 5196645, 5196646, 5196647, 5196648, 5196765, 5196766, 5196768, 5196769, 5196790, 5196791, 5196798, 5196799, 5196821, 5196822, 5196823, 5196824, 5196825, 5196826, 5196827, 5196828, 5196829, 5196830, 5196831, 5196832, 5196833, 5196834, 5196835, 5196836, 5196837, 5196838, 5196839, 5197020, 5197021, 5197022, 5197090, 5197091, 5197092, 5197093, 5197094, 5197095, 5197096, 5197097, 5197098, 5197225, 5197250, 5197251, 5197252, 5197270, 5197271, 5197272, 5197273, 5197274, 5197276, 5197277, 5197278, 5197279, 5197480, 5197481, 5197482, 5197483, 5197484, 5197485, 5197486, 5197487, 5197488, 5197489, 5197580, 5197581, 5197721, 5197722, 5197723, 5197724, 5197725, 5197726, 5197727, 5197728, 5197729, 5197825, 5197826, 5197827, 5197828, 5197829, 5198003, 5198004, 5198005, 5198006, 5198007, 5198008, 5198009, 5198240, 5198241, 5198260, 5198261, 5198268, 5198298"
Peru,0.43500,"5118, 51418, 51428, 51438, 51448, 51518, 51528, 51538, 51548, 51568, 51618, 51628, 51638, 51648, 51658, 51668, 51678, 51728, 51738, 51748, 51768, 51828, 51838, 51848"
Philippines,0.15000,63
Philippines,0.21500,"639, 6398, 63813, 63817, 63905, 63906, 63907, 63908, 63909, 63910, 63912, 63915, 63916, 63917, 63918, 63919, 63920, 63921, 63922, 63923, 63925, 63926, 63927, 63928, 63929, 63930, 63932, 63933, 63935, 63936, 63937, 63938, 63939, 63942, 63943, 63946, 63947, 63948, 63949, 63998, 63999"
Poland,0.02000,"48, 4832"
Poland,0.06500,"4850, 4851, 48530, 48531, 48532, 48533, 48534, 48535, 48537, 48538, 48539, 48570, 48574, 48575, 48578, 48600, 48601, 48602, 48603, 48604, 48605, 48606, 48607, 48608, 48609, 48660, 48661, 48662, 48663, 48664, 48665, 48666, 48667, 48668, 48669, 48690, 48691, 48692, 48693, 48694, 48695, 48696, 48697, 48698, 48721, 48722, 48723, 48724, 48725, 48726, 48729, 48730, 48731, 48732, 48733, 48780, 48781, 48782, 48783, 48784, 48785, 48787, 48788, 48789, 48790, 48791, 48792, 48793, 48794, 48796, 48797, 48798, 48799, 48880, 48881, 48882, 48885, 48886, 48887, 48888, 48889, 485360, 485361, 485362, 485363, 485364, 485365, 485366, 485367, 485368, 485369, 485711, 485712, 485713, 485714, 486660, 486661, 486662, 486663, 486664, 486665, 486666, 486667, 486668, 486669, 486900, 486907, 486908, 486909, 486991, 486992, 486993, 486994, 486995, 486998, 486999, 487200, 487201, 487202, 487203, 487204, 487205, 487206, 487207, 487208, 487209, 487270, 487271, 487272, 487273, 487274, 487275, 487276, 487277, 487278, 487279, 487280, 487281, 487282, 487283, 487284, 487285, 487286, 487287, 487288, 487289, 487290, 487291, 487292, 487293, 487294, 487295, 487296, 487298, 487299, 487341, 487342, 487343, 487344, 487390, 487391, 487392, 487394, 487395, 487396, 487860, 487861, 487862, 487863, 487864, 487865, 487866, 487867, 487868, 487869, 487895, 487896, 487897, 487898, 487899, 487950, 487951, 487952, 487953, 487954, 487955, 487956, 487957, 487958, 487959, 487991, 487992, 487993, 487994, 487995, 488810, 488811, 488812, 488813, 488814, 488815, 488816, 488817, 488818, 488819, 488830, 488831, 488832, 488833, 488834, 488835, 488836, 488837, 488838, 488839, 488840, 488841, 488842, 488843, 488844, 488845, 488846, 488847, 488848, 488849, 4869900, 4869902, 4869903, 4869904, 4869905, 4869906, 4869907, 4869908, 4869909, 4869961, 4869962, 4869963, 4869964, 4869965, 4869966, 4869967, 4869968, 4869969, 4869971, 4869972, 4869973, 4869975, 4869976, 4869977, 4869979, 4872971"
Poland,0.18000,"4860, 4864, 4866, 4869, 4878, 4879, 4888, 4890, 48786, 48795, 48884, 486997"
Portugal,0.01700,351
Portugal,0.04500,"35191, 35192, 35193, 35196, 351921, 3511691, 3511693, 3511696, 3511891, 3511892, 3511893, 3511896, 3516091, 3516093, 3516096, 3516391, 3516392, 3516393, 3516396, 3516591, 3516592, 3516593, 3516596, 3516691, 3516693, 3516696, 3519200, 3519201, 3519202, 3519203, 3519204, 3519205"
"Puerto Rico",0.03000,"1787, 1939"
Qatar,0.21500,974
Qatar,0.24500,"9742, 9743, 9745, 9746, 9747, 97430, 97470, 97474, 97477, 974124"
Reunion/Mayotte,0.13500,262
Reunion/Mayotte,0.14500,"262639, 262692, 262693"
Romania,0.02600,"40, 4020"
Romania,0.05500,403
Romania,0.08100,"4070, 4072, 4073, 4074, 4075, 4076, 4080, 40784, 40785, 40786, 40799"
Russia/Kazakhstan,0.02900,"7495, 7499, 7810, 73432, 73433, 73512, 73517, 73800, 74000, 74700, 78300"
Russia/Kazakhstan,0.07000,79
Russia/Kazakhstan,0.07000,7
Russia/Kazakhstan,0.19700,"75, 7341, 7342, 7343, 7345, 7346, 7347, 7349, 7351, 7352, 7353, 7381, 7382, 7383, 7384, 7385, 7388, 7390, 7391, 7394, 7395, 7411, 7413, 7415, 7416, 7421, 7423, 7424, 7426, 7427, 7471, 7472, 7473, 7474, 7475, 7481, 7482, 7483, 7484, 7485, 7486, 7487, 7491, 7492, 7493, 7494, 7496, 7498, 7814, 7815, 7818, 7821, 7831, 7833, 7834, 7835, 7836, 7841, 7842, 7843, 7845, 7846, 7848, 7855, 7954, 73822, 73902, 73912, 73942, 73952"
Russia/Kazakhstan,0.20500,7840
Russia/Kazakhstan,0.25500,"791, 792, 793, 796, 798, 7903, 7905, 7906, 7909, 79400, 79407"
Rwanda,0.40500,250
Rwanda,0.40500,"25072, 25073, 25075, 25100"
Samoa,0.68000,"685, 6857, 6859"
"San Marino",0.30500,37900
"San Marino",0.30500,378
"San Marino",0.50500,"37861, 37866"
"Saudi Arabia",0.12500,966
"Saudi Arabia",0.18500,"9670, 96650, 96653, 96654, 96655, 96656, 96658, 96659, 96700"
Senegal,0.24500,"221, 221338"
Senegal,0.44500,"22177, 22178"
Senegal,0.56500,22130
Senegal,0.56500,22170
Senegal,0.74500,22176
Serbia,0.09500,"38128, 38129, 38138, 38139"
Serbia,0.17500,381387
Serbia,0.18500,"381, 38111"
Serbia,0.50500,"3811051, 3811141, 3811241, 3811341, 3811451, 3811561, 3811661, 3811739, 3811831, 3811921, 3812061, 3812131, 3812281, 3812361, 3812421, 3812531, 3812621, 3812721, 3812931, 3813081, 3813161, 3813241, 3813331, 3813421, 3813579, 3813621, 3813721, 3813931, 38100000"
Serbia,0.60500,"38160, 38161, 38162, 38163, 38164, 38165, 38166, 38168, 38169"
Seychelles,0.60500,248
"Sierra Leone",0.63000,232
Singapore,0.02000,65
Singapore,0.02000,"658, 659"
Slovakia,0.02400,421
Slovakia,0.19500,"421901, 421902, 421903, 421904, 421905, 421906, 421907, 421908, 421910, 421911, 421912, 421914, 421915, 421916, 421917, 421918, 421919, 421940, 421944, 421945, 421948, 421949"
Slovenia,0.03800,"38698, 386590, 386591, 386593, 386594, 386595, 386597, 386598, 386599, 386815, 386817, 386820, 386838, 3861320, 3861330, 3861400, 3861401, 3861550, 3861600, 3861601, 3861620, 3861691, 3861777, 3861810, 3861828, 3862334, 3862400, 3862444, 3862600, 3862620, 3862621, 3862707, 3862820, 3862828, 3863400, 3863600, 3863620, 3863715, 3863777, 3863828, 3863830, 3864263, 3864400, 3864600, 3864620, 3864777, 3864828, 3864840, 3865400, 3865600, 3865620, 3865632, 3865777, 3865828, 3865850, 3865920, 3865921, 3865922, 3865968, 3865969, 3867310, 3867400, 3867600, 3867620, 3867777, 3867828, 3867870, 3868160, 3868161, 3868162, 3868181, 3868220, 3868227, 3868228, 3868280, 3868281, 3868282, 3868288, 3868300, 3869806, 3869809, 3869811, 3869819, 3869824, 3869826"
Slovenia,0.18000,386
Slovenia,0.55500,"38643, 38649"
Somalia,0.76800,252
"South Africa",0.09600,"27, 2710, 2720"
"South Africa",0.17000,"2772, 2773, 2774, 2776, 2778, 2779, 2782, 2783, 2784, 27603, 27604, 27605, 27606, 27607, 27608, 27609, 27610, 27611, 27612, 27613, 27614, 27615, 27616, 27617, 27710, 27711, 27712, 27713, 27714, 27715, 27716, 27717, 27718, 27719, 27810, 27811, 27812, 27813, 27814, 27815, 27816, 27817, 27818"
Spain,0.01650,34
Spain,0.04500,"346, 3471, 3472, 3473, 3474, 34600, 34603, 34605, 34606, 34607, 34608, 34609, 34610, 34615, 34616, 34617, 34618, 34619, 34620, 34622, 34625, 34626, 34627, 34628, 34629, 34630, 34632, 34633, 34634, 34635, 34636, 34637, 34638, 34639, 34640, 34644, 34645, 34646, 34647, 34648, 34649, 34650, 34651, 34652, 34653, 34654, 34655, 34656, 34657, 34658, 34659, 34660, 34661, 34662, 34663, 34664, 34665, 34666, 34667, 34669, 34670, 34671, 34672, 34673, 34674, 34675, 34676, 34677, 34678, 34679, 34680, 34682, 34683, 34685, 34686, 34687, 34689, 34690, 34691, 34692, 34693, 34695, 34696, 34697, 34699, 346010, 346011, 346012, 346015, 346016, 346020, 346021, 346022, 346023, 346024, 346025, 346026, 346027, 346028, 346041, 346042, 346043, 346111, 346112, 346113, 346116, 346310, 346311, 346312, 346313, 346314, 346315, 346316, 346317, 346318, 346422, 346423, 346424, 346426, 346427, 346428, 346429, 346681, 346685, 346686, 346688, 346810, 346811, 346812, 346813, 346814, 346815, 346840, 346841, 346842, 346846, 346880, 346881, 346882, 346883, 346884, 346885, 346886, 346888, 346889, 346940, 346944, 346980, 346981, 346982, 346983, 346984, 346985, 346986, 346987, 346988, 346989, 347111, 347117, 347170, 347171, 347177, 347221, 347222, 347223, 347224, 347225, 347227, 347277, 347444, 347477, 347478"
"Sri Lanka",0.17500,"94, 94112, 94113, 94115, 94212, 94213, 94215, 94232, 94233, 94235, 94242, 94243, 94245, 94252, 94253, 94255, 94262, 94263, 94265, 94272, 94273, 94275, 94312, 94313, 94315, 94322, 94323, 94325, 94332, 94333, 94335, 94342, 94343, 94345, 94352, 94353, 94355, 94362, 94363, 94365, 94372, 94373, 94375, 94382, 94383, 94385, 94412, 94413, 94415, 94452, 94453, 94455, 94472, 94473, 94475, 94512, 94513, 94515, 94522, 94523, 94525, 94542, 94543, 94545, 94552, 94553, 94555, 94572, 94573, 94575, 94632, 94633, 94635, 94652, 94653, 94655, 94662, 94663, 94665, 94672, 94673, 94675, 94812, 94813, 94815, 94912, 94913, 94915, 9419733"
"Sri Lanka",0.17500,"9471, 9472, 9473, 9475, 9476, 9477, 9478, 9479, 94765, 94766, 94767, 94768, 94769"
"St Kitts and Nevis",0.17500,1870
"St Kitts and Nevis",0.32500,"1869556, 1869557, 1869558, 1869565, 1869566, 1869567, 1869660, 1869661, 1869662, 1869663, 1869664, 1869665, 1869667, 1869668, 1869669, 1869760, 1869762, 1869763, 1869764, 1869765, 1869766"
"St Lucia",0.20500,1758
"St Lucia",0.32500,"1758284, 1758285, 1758286, 1758287, 1758384, 1758460, 1758461, 1758481, 1758482, 1758483, 1758484, 1758485, 1758486, 1758487, 1758488, 1758489, 1758518, 1758519, 1758520, 1758584, 1758638, 1758712, 1758713, 1758714, 1758715, 1758716, 1758717, 1758718, 1758719, 1758720, 1758721, 1758722, 1758723, 1758724, 1758725, 1758726, 1758727, 1758728, 1758784, 1758785"
"St Pierre and Miquelon",0.58500,508
"St Vincent Grenadines",0.20500,1784
"St Vincent Grenadines",0.32500,"1784430, 1784431, 1784432, 1784433, 1784434, 1784435, 1784454, 1784455, 1784491, 1784492, 1784493, 1784494, 1784495, 1784496, 1784497, 1784498, 1784526, 1784527, 1784528, 1784529, 1784530, 1784531, 1784532, 1784533, 1784593"
Sudan,0.23500,249
Sudan,0.26500,"2500, 24911, 24912, 24990, 24991, 24992, 24996, 24999"
Suriname,0.17500,597
Suriname,0.30500,"59773, 59775, 59776, 59777, 59783, 59784, 59785, 59786, 59787, 59788, 59789"
Suriname,0.39500,"59771, 59772, 59774, 59781, 59782"
Swaziland,0.07500,268
Swaziland,0.23500,"2686, 26876, 26877, 26878"
Sweden,0.02500,"4610, 4675"
Sweden,0.03000,"4670, 4671, 4672, 4673, 4676, 46252, 46254, 46376, 46518, 46519, 46592, 46593, 46673, 46674, 46675, 46676, 46700, 46702, 46703, 46704, 46705, 46706, 46707, 46708, 46709, 46724, 46725, 46730, 46733, 46736, 46737, 46739, 46755, 46756, 46760, 46762, 46763, 46765, 467010, 467011, 467012, 467013, 467014, 467015, 467016, 467017, 467018, 467190, 467200, 467201, 467202, 467203, 467204, 467206, 467207, 467210, 467211, 467212, 467213, 467215, 467216, 467217, 467218, 467219, 467220, 467221, 467222, 467223, 467224, 467225, 467226, 467227, 467228, 467229, 467230, 467231, 467232, 467233, 467235, 467236, 467237, 467238, 467239, 467270, 467271, 467272, 467273, 467274, 467280, 467283, 467284, 467285, 467286, 467287, 467288, 467289, 467290, 467291, 467292, 467293, 467294, 467296, 467297, 467298, 467299, 467310, 467311, 467312, 467313, 467314, 467315, 467316, 467318, 467320, 467321, 467322, 467323, 467324, 467325, 467326, 467327, 467328, 467329, 467340, 467341, 467342, 467343, 467344, 467346, 467348, 467349, 467350, 467351, 467352, 467353, 467354, 467355, 467356, 467357, 467358, 467359, 467380, 467381, 467382, 467383, 467384, 467385, 467386, 467387, 467388, 467389, 467524, 467610, 467611, 467612, 467613, 467614, 467615, 467616, 467617, 467618, 467619, 467635, 467636, 467637, 467640, 467641, 467642, 467660, 467661, 467662, 467663, 467664, 467665, 467667, 467668, 467673, 467676, 467677, 467678, 467679, 467680, 467681, 467682, 467683, 467684, 467685, 467686, 467687, 467688, 467689, 467690, 467691, 467692, 467693, 467694, 4670190, 4670191, 4670193, 4670198, 4672055, 4672056, 4672059, 4672149, 4673128, 4673173, 4673174, 4673175, 4673456, 4673457, 4673458, 4673475, 4673476, 4673477, 4673478, 4673479, 4676470, 4676471, 4676472, 4676473, 4676474, 4676475, 4676476, 4676477, 4676668, 4676695, 4676696, 4676697, 4676698, 4676699"
Sweden,0.10500,46
Sweden,0.11500,4620
Switzerland,0.02340,"41, 4160"
Switzerland,0.13500,"4179, 41754, 41774, 41775, 4186079"
Switzerland,0.15500,"4178, 4186078"
Switzerland,0.16500,"4176, 41772, 4186076"
Switzerland,0.17500,41779
Switzerland,0.25500,417840
Switzerland,0.35910,"4177, 4186077"
Switzerland,0.64500,"4120, 4174, 4184, 4187, 4190, 417698, 417699, 4179977, 4179978, 4179979"
Syria,0.13700,963
Syria,0.32500,9639
Taiwan,0.03000,886
Taiwan,0.14500,"8870, 886910, 886911, 886912, 886913, 886915, 886916, 886917, 886918, 886919, 886920, 886921, 886922, 886923, 886925, 886926, 886927, 886928, 886929, 886930, 886932, 886933, 886935, 886936, 886937, 886938, 886939, 886940, 886941, 886943, 886944, 886945, 886946, 886947, 886949, 886951, 886952, 886953, 886955, 886956, 886958, 886970, 886972, 886975, 886978, 886981, 886983, 886987, 886988, 886989, 886991, 8869140, 8869141, 8869142, 8869240, 8869241, 8869310, 8869311, 8869312, 8869313, 8869314, 8869315, 8869316, 8869317, 8869318, 8869319, 8869340, 8869341, 8869342, 8869343, 8869344, 8869540, 8869541, 8869600, 8869601, 8869602, 8869603, 8869604, 8869605, 8869606, 8869607, 8869608, 8869610, 8869611, 8869612, 8869613, 8869614, 8869630, 8869631, 8869632, 8869633, 8869634, 8869635, 8869636, 8869710, 8869711, 8869760, 8869761, 8869762, 8869763, 8869764, 8869765, 8869766, 8869767, 8869768, 8869840, 8869841, 8869842, 8869843"
Tajikistan,0.18500,"992, 992372"
Tajikistan,0.22500,"9929, 99290, 99292, 99293, 99295, 99298, 992501, 992505, 992915, 992917, 992918, 992919"
Tanzania,0.43500,"25565, 25568, 25571, 25575, 25576, 25578, 25600"
Tanzania,0.43500,"255, 25500"
Thailand,0.03300,"668, 669, 66804, 66805, 66823, 66824, 66827, 66831, 66846, 66850, 66851, 66853, 66868, 66869, 66873, 66874, 66875, 66876, 66877, 66880, 66881, 66894, 66896, 66897, 66900, 66905, 66906, 66907, 66911, 66914, 66915, 66920, 66921, 668130, 668134, 668139, 668140, 668142, 668143, 668144, 668145, 668147, 668148, 668149, 668153, 668154, 668155, 668156, 668157, 668164, 668166, 668167, 668168, 668169, 668171, 668328, 668329, 668341, 668354, 668355, 668356, 668357, 668358, 668362, 668363, 668364, 668365, 668366, 668369, 668372, 668373, 668374, 668376, 668395, 668396, 668430, 668440, 668451, 668459, 668540, 668541, 668549, 668561, 668590, 668591, 668592, 668675, 668676, 668677, 668678, 668679, 668820, 668821, 668822, 668823, 668824, 669108, 669109, 669120, 669138, 669139, 669198, 669199, 669220, 669221, 669222, 669223, 669224, 6681205, 6681206, 6681207, 6681208, 6681209, 6681410, 6681411, 6681412, 6681413, 6681414, 6681611, 6681612, 6681613, 6681625, 6681626, 6681627, 6681628, 6681629, 6681631, 6681632, 6681633, 6681634, 6681636, 6681637, 6681638, 6681639, 6681650, 6681651, 6681652, 6681653, 6681654, 6681657, 6681658, 6681659, 6691979"
Thailand,0.03500,"66, 662"
Togo,0.54000,228
Tonga,0.56700,676
"Trinidad and Tobago",0.08100,1868
"Trinidad and Tobago",0.24500,"186829, 186832, 186833, 186834, 186835, 186836, 186837, 186838, 186839, 186840, 186846, 186847, 186848, 186849, 186868, 186872, 186873, 186874, 186875, 186876, 186877, 186878, 186879, 1868285, 1868286, 1868287, 1868289, 1868301, 1868302, 1868303, 1868304, 1868305, 1868306, 1868307, 1868308, 1868309, 1868310, 1868312, 1868313, 1868314, 1868315, 1868316, 1868317, 1868318, 1868319, 1868410, 1868412, 1868413, 1868414, 1868415, 1868416, 1868417, 1868418, 1868419, 1868420, 1868421, 1868620, 1868678, 1868701, 1868702, 1868703, 1868704, 1868705, 1868706, 1868707, 1868708, 1868709, 1868710, 1868712, 1868713, 1868714, 1868715, 1868716, 1868717, 1868718, 1868719"
Tunisia,0.63500,"2160, 2169, 2170, 21640, 21641, 21642"
Tunisia,0.63500,"216, 21630, 21631, 21632"
Turkey,0.05000,"90212, 90216, 90224, 90232, 90242, 90252, 90312, 90322, 90362, 90412, 90442, 90462"
Turkey,0.06000,90
Turkey,0.28100,"905, 9050, 9053, 9054, 9055, 9053382, 9053383, 9053384, 9053385, 9053386, 9053387, 9053388, 9054285, 9054286, 9054287, 9054288, 9054698, 9054699, 9054881, 9054882, 9054883, 9054884, 9054885, 9054886, 9054887, 9054888, 9054889"
Turkmenistan,0.14500,993
"Turks and Caicos Islands",0.16000,1649
"Turks and Caicos Islands",0.30500,"16493, 1649231, 1649232, 1649241, 1649242, 1649243, 1649244, 1649245, 1649246, 1649247, 1649431, 1649432, 1649433, 1649441, 1649442, 1649443"
Uganda,0.43000,"25632, 25639, 25670, 25671, 25675, 25677, 25678, 25679"
Uganda,0.43000,256
Ukraine,0.16500,"380, 380562, 380567, 3805637"
Ukraine,0.28500,"38050, 38066, 38067, 38095, 38096, 38097, 38098, 38099, 38100, 380680, 380681, 380682, 380683, 380684, 380685, 380686, 380687, 380688, 380689"
Ukraine,0.33500,"38063, 38093"
"United Arab Emirates",0.22500,971
"United Arab Emirates",0.22500,"9720, 97150, 97156"
"United Kingdom",0.01500,"44, 443, 44203, 44207, 44208"
"United Kingdom",0.04500,"44751, 44754, 44756, 44759, 447106, 447107, 447400, 447401, 447402, 447403, 447404, 447405, 447407, 447409, 447410, 447411, 447412, 447413, 447414, 447415, 447416, 447419, 447420, 447421, 447422, 447423, 447424, 447425, 447426, 447427, 447428, 447429, 447430, 447431, 447432, 447433, 447434, 447435, 447436, 447437, 447438, 447442, 447443, 447444, 447445, 447446, 447447, 447448, 447449, 447450, 447453, 447454, 447455, 447456, 447460, 447461, 447462, 447463, 447466, 447467, 447468, 447469, 447470, 447471, 447472, 447473, 447474, 447475, 447476, 447477, 447478, 447479, 447480, 447481, 447482, 447500, 447501, 447502, 447503, 447504, 447505, 447506, 447507, 447508, 447521, 447522, 447523, 447525, 447526, 447527, 447528, 447529, 447530, 447531, 447532, 447533, 447534, 447535, 447536, 447538, 447539, 447550, 447551, 447552, 447553, 447554, 447555, 447556, 447557, 447570, 447572, 447573, 447574, 447575, 447576, 447577, 447578, 447579, 447580, 447581, 447582, 447583, 447584, 447585, 447586, 447587, 447588, 447701, 447702, 447703, 447704, 447705, 447706, 447707, 447708, 447709, 447710, 447711, 447712, 447713, 447714, 447715, 447716, 447717, 447718, 447719, 447720, 447721, 447722, 447723, 447724, 447725, 447726, 447727, 447728, 447729, 447730, 447731, 447732, 447733, 447734, 447735, 447736, 447737, 447738, 447739, 447740, 447741, 447742, 447743, 447745, 447746, 447747, 447748, 447749, 447750, 447751, 447752, 447753, 447754, 447756, 447757, 447758, 447759, 447760, 447761, 447762, 447763, 447764, 447765, 447766, 447767, 447768, 447769, 447770, 447771, 447772, 447773, 447774, 447775, 447776, 447778, 447779, 447780, 447782, 447783, 447784, 447785, 447786, 447787, 447788, 447789, 447790, 447791, 447792, 447793, 447794, 447795, 447796, 447798, 447799, 447800, 447801, 447802, 447803, 447804, 447805, 447806, 447807, 447808, 447809, 447810, 447811, 447812, 447813, 447814, 447815, 447816, 447817, 447818, 447819, 447820, 447821, 447823, 447824, 447825, 447826, 447827, 447828, 447830, 447831, 447832, 447833, 447834, 447835, 447836, 447837, 447838, 447840, 447841, 447842, 447843, 447844, 447845, 447846, 447847, 447848, 447849, 447850, 447851, 447852, 447853, 447854, 447855, 447856, 447857, 447858, 447859, 447860, 447861, 447862, 447863, 447865, 447866, 447867, 447868, 447869, 447870, 447871, 447875, 447876, 447877, 447878, 447879, 447880, 447881, 447882, 447883, 447884, 447885, 447886, 447887, 447888, 447889, 447890, 447891, 447894, 447895, 447896, 447897, 447898, 447899, 447900, 447901, 447902, 447903, 447904, 447905, 447906, 447907, 447908, 447909, 447910, 447912, 447913, 447914, 447915, 447916, 447917, 447918, 447919, 447920, 447921, 447922, 447923, 447925, 447926, 447927, 447928, 447929, 447930, 447931, 447932, 447933, 447934, 447935, 447936, 447938, 447939, 447940, 447941, 447942, 447943, 447944, 447945, 447946, 447947, 447948, 447949, 447950, 447951, 447952, 447953, 447954, 447955, 447956, 447957, 447958, 447959, 447960, 447961, 447962, 447963, 447964, 447965, 447966, 447967, 447968, 447969, 447970, 447971, 447972, 447973, 447974, 447975, 447976, 447977, 447979, 447980, 447981, 447982, 447983, 447984, 447985, 447986, 447987, 447988, 447989, 447990, 447999, 4470000, 4470004, 4470005, 4470006, 4470007, 4470020, 4470022, 4470023, 4470024, 4470025, 4470027, 4470028, 4470029, 4470740, 4470741, 4470742, 4474170, 4474173, 4474174, 4474175, 4474400, 4474401, 4474402, 4474403, 4474404, 4474405, 4474406, 4474407, 4474408, 4474590, 4474591, 4474592, 4474593, 4474594, 4474595, 4474596, 4474597, 4474598, 4474599, 4475374, 4478640, 4478641, 4478642, 4478643, 4478645, 4478646, 4478647, 4478648, 4478649, 4478720, 4478721, 4478723, 4478724, 4478725, 4478726, 4478728, 4478729, 4478731, 4478732, 4478733, 4478734, 4478735, 4478736, 4478737, 4478738, 4478739, 4478740, 4478741, 4478742, 4478743, 4478746, 4478747, 4478748, 4478749, 4478923, 4478924, 4478926, 4478927, 4478928, 4478929, 4478932, 4478934, 4478935, 4478936, 4478937"
"United Kingdom",0.32000,"447, 44843, 44844, 44845, 44870, 44871, 44872, 44873, 4478360, 4478361, 4478369"
"United States",0.01500,1
"United States",0.01500,"1800, 1844, 1855, 1866, 1867, 1877, 1888"
"United States",0.01500,1808
"United States",0.09000,1907
Uruguay,0.08000,598
Uruguay,0.25500,5990
Uruguay,0.37500,5980
Uzbekistan,0.03100,"998711, 998712, 998713"
Uzbekistan,0.06500,9990
Uzbekistan,0.06500,998
"Vatican City",0.02100,379
Venezuela,0.06000,58
Venezuela,0.18000,"58212, 58241, 58261"
Venezuela,0.25000,"58412, 58414, 58416, 58424, 58426"
Vietnam,0.11500,"849, 8490, 8491, 8493, 8494, 8496, 8497, 8498, 84120, 84121, 84122, 84123, 84124, 84125, 84126, 84127, 84128, 84129, 84162, 84163, 84164, 84165, 84166, 84167, 84168, 84169, 84186, 84188, 84199"
Vietnam,0.11500,"84, 844, 848"
"Virgin Islands, British",0.15500,1284
"Virgin Islands, British",0.33500,"1284300, 1284340, 1284341, 1284342, 1284343, 1284344, 1284345, 1284346, 1284347, 1284393, 1284394, 1284440, 1284441, 1284442, 1284443, 1284444, 1284445, 1284446, 1284499, 1284540, 1284541, 1284542, 1284543, 1284544, 1284545, 1284546, 1284547"
"Virgin Islands, U.S.",0.02700,1340
Yemen,0.21500,"967, 9671"
Yemen,0.22500,"96770, 96771, 96773, 96777"
Zambia,0.10240,260
Zambia,0.19500,"26095, 26096, 26097, 260976, 260977, 260978, 260979"
Zimbabwe,0.14500,263
Zimbabwe,0.64500,"26311, 26371, 26373, 26377, 26378"
